pdb,complex,labels,chain_prot1,chain_prot2,ab_chain,ag_chain,pdb_wt,pdb_mut,pair_id,mutation,replicate,experimental_pair_ddg_kcal_mol
20_to_20H5__DA1E,20_to_20H5__DA1E_rep0_DA1E,0.0,A,B,A,B,/data1/qlyu/model_smoke/pvrig_positive11_structure_affinity_benchmark_20260719/graphinity_single_mut_foldx/20_to_20H5__DA1E/graphinity_wt_rep0.pdb,/data1/qlyu/model_smoke/pvrig_positive11_structure_affinity_benchmark_20260719/graphinity_single_mut_foldx/20_to_20H5__DA1E/graphinity_mut_rep0.pdb,20_to_20H5,DA1E,0,-0.7217638594644291
20_to_20H5__DA1E,20_to_20H5__DA1E_rep1_DA1E,0.0,A,B,A,B,/data1/qlyu/model_smoke/pvrig_positive11_structure_affinity_benchmark_20260719/graphinity_single_mut_foldx/20_to_20H5__DA1E/graphinity_wt_rep1.pdb,/data1/qlyu/model_smoke/pvrig_positive11_structure_affinity_benchmark_20260719/graphinity_single_mut_foldx/20_to_20H5__DA1E/graphinity_mut_rep1.pdb,20_to_20H5,DA1E,1,-0.7217638594644291
20_to_20H5__DA1E,20_to_20H5__DA1E_rep2_DA1E,0.0,A,B,A,B,/data1/qlyu/model_smoke/pvrig_positive11_structure_affinity_benchmark_20260719/graphinity_single_mut_foldx/20_to_20H5__DA1E/graphinity_wt_rep2.pdb,/data1/qlyu/model_smoke/pvrig_positive11_structure_affinity_benchmark_20260719/graphinity_single_mut_foldx/20_to_20H5__DA1E/graphinity_mut_rep2.pdb,20_to_20H5,DA1E,2,-0.7217638594644291
20_to_20H5__RA26G,20_to_20H5__RA26G_rep0_RA26G,0.0,A,B,A,B,/data1/qlyu/model_smoke/pvrig_positive11_structure_affinity_benchmark_20260719/graphinity_single_mut_foldx/20_to_20H5__RA26G/graphinity_wt_rep0.pdb,/data1/qlyu/model_smoke/pvrig_positive11_structure_affinity_benchmark_20260719/graphinity_single_mut_foldx/20_to_20H5__RA26G/graphinity_mut_rep0.pdb,20_to_20H5,RA26G,0,-0.7217638594644291
20_to_20H5__RA26G,20_to_20H5__RA26G_rep1_RA26G,0.0,A,B,A,B,/data1/qlyu/model_smoke/pvrig_positive11_structure_affinity_benchmark_20260719/graphinity_single_mut_foldx/20_to_20H5__RA26G/graphinity_wt_rep1.pdb,/data1/qlyu/model_smoke/pvrig_positive11_structure_affinity_benchmark_20260719/graphinity_single_mut_foldx/20_to_20H5__RA26G/graphinity_mut_rep1.pdb,20_to_20H5,RA26G,1,-0.7217638594644291
20_to_20H5__RA26G,20_to_20H5__RA26G_rep2_RA26G,0.0,A,B,A,B,/data1/qlyu/model_smoke/pvrig_positive11_structure_affinity_benchmark_20260719/graphinity_single_mut_foldx/20_to_20H5__RA26G/graphinity_wt_rep2.pdb,/data1/qlyu/model_smoke/pvrig_positive11_structure_affinity_benchmark_20260719/graphinity_single_mut_foldx/20_to_20H5__RA26G/graphinity_mut_rep2.pdb,20_to_20H5,RA26G,2,-0.7217638594644291
20_to_20H5__DA103E,20_to_20H5__DA103E_rep0_DA103E,0.0,A,B,A,B,/data1/qlyu/model_smoke/pvrig_positive11_structure_affinity_benchmark_20260719/graphinity_single_mut_foldx/20_to_20H5__DA103E/graphinity_wt_rep0.pdb,/data1/qlyu/model_smoke/pvrig_positive11_structure_affinity_benchmark_20260719/graphinity_single_mut_foldx/20_to_20H5__DA103E/graphinity_mut_rep0.pdb,20_to_20H5,DA103E,0,-0.7217638594644291
20_to_20H5__DA103E,20_to_20H5__DA103E_rep1_DA103E,0.0,A,B,A,B,/data1/qlyu/model_smoke/pvrig_positive11_structure_affinity_benchmark_20260719/graphinity_single_mut_foldx/20_to_20H5__DA103E/graphinity_wt_rep1.pdb,/data1/qlyu/model_smoke/pvrig_positive11_structure_affinity_benchmark_20260719/graphinity_single_mut_foldx/20_to_20H5__DA103E/graphinity_mut_rep1.pdb,20_to_20H5,DA103E,1,-0.7217638594644291
20_to_20H5__DA103E,20_to_20H5__DA103E_rep2_DA103E,0.0,A,B,A,B,/data1/qlyu/model_smoke/pvrig_positive11_structure_affinity_benchmark_20260719/graphinity_single_mut_foldx/20_to_20H5__DA103E/graphinity_wt_rep2.pdb,/data1/qlyu/model_smoke/pvrig_positive11_structure_affinity_benchmark_20260719/graphinity_single_mut_foldx/20_to_20H5__DA103E/graphinity_mut_rep2.pdb,20_to_20H5,DA103E,2,-0.7217638594644291
30_to_30H2__HA1E,30_to_30H2__HA1E_rep0_HA1E,0.0,A,B,A,B,/data1/qlyu/model_smoke/pvrig_positive11_structure_affinity_benchmark_20260719/graphinity_single_mut_foldx/30_to_30H2__HA1E/graphinity_wt_rep0.pdb,/data1/qlyu/model_smoke/pvrig_positive11_structure_affinity_benchmark_20260719/graphinity_single_mut_foldx/30_to_30H2__HA1E/graphinity_mut_rep0.pdb,30_to_30H2,HA1E,0,0.5786630122146004
30_to_30H2__HA1E,30_to_30H2__HA1E_rep1_HA1E,0.0,A,B,A,B,/data1/qlyu/model_smoke/pvrig_positive11_structure_affinity_benchmark_20260719/graphinity_single_mut_foldx/30_to_30H2__HA1E/graphinity_wt_rep1.pdb,/data1/qlyu/model_smoke/pvrig_positive11_structure_affinity_benchmark_20260719/graphinity_single_mut_foldx/30_to_30H2__HA1E/graphinity_mut_rep1.pdb,30_to_30H2,HA1E,1,0.5786630122146004
30_to_30H2__HA1E,30_to_30H2__HA1E_rep2_HA1E,0.0,A,B,A,B,/data1/qlyu/model_smoke/pvrig_positive11_structure_affinity_benchmark_20260719/graphinity_single_mut_foldx/30_to_30H2__HA1E/graphinity_wt_rep2.pdb,/data1/qlyu/model_smoke/pvrig_positive11_structure_affinity_benchmark_20260719/graphinity_single_mut_foldx/30_to_30H2__HA1E/graphinity_mut_rep2.pdb,30_to_30H2,HA1E,2,0.5786630122146004
30_to_30H2__SA28T,30_to_30H2__SA28T_rep0_SA28T,0.0,A,B,A,B,/data1/qlyu/model_smoke/pvrig_positive11_structure_affinity_benchmark_20260719/graphinity_single_mut_foldx/30_to_30H2__SA28T/graphinity_wt_rep0.pdb,/data1/qlyu/model_smoke/pvrig_positive11_structure_affinity_benchmark_20260719/graphinity_single_mut_foldx/30_to_30H2__SA28T/graphinity_mut_rep0.pdb,30_to_30H2,SA28T,0,0.5786630122146004
30_to_30H2__SA28T,30_to_30H2__SA28T_rep1_SA28T,0.0,A,B,A,B,/data1/qlyu/model_smoke/pvrig_positive11_structure_affinity_benchmark_20260719/graphinity_single_mut_foldx/30_to_30H2__SA28T/graphinity_wt_rep1.pdb,/data1/qlyu/model_smoke/pvrig_positive11_structure_affinity_benchmark_20260719/graphinity_single_mut_foldx/30_to_30H2__SA28T/graphinity_mut_rep1.pdb,30_to_30H2,SA28T,1,0.5786630122146004
30_to_30H2__SA28T,30_to_30H2__SA28T_rep2_SA28T,0.0,A,B,A,B,/data1/qlyu/model_smoke/pvrig_positive11_structure_affinity_benchmark_20260719/graphinity_single_mut_foldx/30_to_30H2__SA28T/graphinity_wt_rep2.pdb,/data1/qlyu/model_smoke/pvrig_positive11_structure_affinity_benchmark_20260719/graphinity_single_mut_foldx/30_to_30H2__SA28T/graphinity_mut_rep2.pdb,30_to_30H2,SA28T,2,0.5786630122146004
30_to_30H2__YA29F,30_to_30H2__YA29F_rep0_YA29F,0.0,A,B,A,B,/data1/qlyu/model_smoke/pvrig_positive11_structure_affinity_benchmark_20260719/graphinity_single_mut_foldx/30_to_30H2__YA29F/graphinity_wt_rep0.pdb,/data1/qlyu/model_smoke/pvrig_positive11_structure_affinity_benchmark_20260719/graphinity_single_mut_foldx/30_to_30H2__YA29F/graphinity_mut_rep0.pdb,30_to_30H2,YA29F,0,0.5786630122146004
30_to_30H2__YA29F,30_to_30H2__YA29F_rep1_YA29F,0.0,A,B,A,B,/data1/qlyu/model_smoke/pvrig_positive11_structure_affinity_benchmark_20260719/graphinity_single_mut_foldx/30_to_30H2__YA29F/graphinity_wt_rep1.pdb,/data1/qlyu/model_smoke/pvrig_positive11_structure_affinity_benchmark_20260719/graphinity_single_mut_foldx/30_to_30H2__YA29F/graphinity_mut_rep1.pdb,30_to_30H2,YA29F,1,0.5786630122146004
30_to_30H2__YA29F,30_to_30H2__YA29F_rep2_YA29F,0.0,A,B,A,B,/data1/qlyu/model_smoke/pvrig_positive11_structure_affinity_benchmark_20260719/graphinity_single_mut_foldx/30_to_30H2__YA29F/graphinity_wt_rep2.pdb,/data1/qlyu/model_smoke/pvrig_positive11_structure_affinity_benchmark_20260719/graphinity_single_mut_foldx/30_to_30H2__YA29F/graphinity_mut_rep2.pdb,30_to_30H2,YA29F,2,0.5786630122146004
39_to_39H2__RA26G,39_to_39H2__RA26G_rep0_RA26G,0.0,A,B,A,B,/data1/qlyu/model_smoke/pvrig_positive11_structure_affinity_benchmark_20260719/graphinity_single_mut_foldx/39_to_39H2__RA26G/graphinity_wt_rep0.pdb,/data1/qlyu/model_smoke/pvrig_positive11_structure_affinity_benchmark_20260719/graphinity_single_mut_foldx/39_to_39H2__RA26G/graphinity_mut_rep0.pdb,39_to_39H2,RA26G,0,-0.0034149082992686
39_to_39H2__RA26G,39_to_39H2__RA26G_rep1_RA26G,0.0,A,B,A,B,/data1/qlyu/model_smoke/pvrig_positive11_structure_affinity_benchmark_20260719/graphinity_single_mut_foldx/39_to_39H2__RA26G/graphinity_wt_rep1.pdb,/data1/qlyu/model_smoke/pvrig_positive11_structure_affinity_benchmark_20260719/graphinity_single_mut_foldx/39_to_39H2__RA26G/graphinity_mut_rep1.pdb,39_to_39H2,RA26G,1,-0.0034149082992686
39_to_39H2__RA26G,39_to_39H2__RA26G_rep2_RA26G,0.0,A,B,A,B,/data1/qlyu/model_smoke/pvrig_positive11_structure_affinity_benchmark_20260719/graphinity_single_mut_foldx/39_to_39H2__RA26G/graphinity_wt_rep2.pdb,/data1/qlyu/model_smoke/pvrig_positive11_structure_affinity_benchmark_20260719/graphinity_single_mut_foldx/39_to_39H2__RA26G/graphinity_mut_rep2.pdb,39_to_39H2,RA26G,2,-0.0034149082992686
39_to_39H4__RA26G,39_to_39H4__RA26G_rep0_RA26G,0.0,A,B,A,B,/data1/qlyu/model_smoke/pvrig_positive11_structure_affinity_benchmark_20260719/graphinity_single_mut_foldx/39_to_39H4__RA26G/graphinity_wt_rep0.pdb,/data1/qlyu/model_smoke/pvrig_positive11_structure_affinity_benchmark_20260719/graphinity_single_mut_foldx/39_to_39H4__RA26G/graphinity_mut_rep0.pdb,39_to_39H4,RA26G,0,-0.2176822566145265
39_to_39H4__RA26G,39_to_39H4__RA26G_rep1_RA26G,0.0,A,B,A,B,/data1/qlyu/model_smoke/pvrig_positive11_structure_affinity_benchmark_20260719/graphinity_single_mut_foldx/39_to_39H4__RA26G/graphinity_wt_rep1.pdb,/data1/qlyu/model_smoke/pvrig_positive11_structure_affinity_benchmark_20260719/graphinity_single_mut_foldx/39_to_39H4__RA26G/graphinity_mut_rep1.pdb,39_to_39H4,RA26G,1,-0.2176822566145265
39_to_39H4__RA26G,39_to_39H4__RA26G_rep2_RA26G,0.0,A,B,A,B,/data1/qlyu/model_smoke/pvrig_positive11_structure_affinity_benchmark_20260719/graphinity_single_mut_foldx/39_to_39H4__RA26G/graphinity_wt_rep2.pdb,/data1/qlyu/model_smoke/pvrig_positive11_structure_affinity_benchmark_20260719/graphinity_single_mut_foldx/39_to_39H4__RA26G/graphinity_mut_rep2.pdb,39_to_39H4,RA26G,2,-0.2176822566145265
151_to_151H8__HA1E,151_to_151H8__HA1E_rep0_HA1E,0.0,A,B,A,B,/data1/qlyu/model_smoke/pvrig_positive11_structure_affinity_benchmark_20260719/graphinity_single_mut_foldx/151_to_151H8__HA1E/graphinity_wt_rep0.pdb,/data1/qlyu/model_smoke/pvrig_positive11_structure_affinity_benchmark_20260719/graphinity_single_mut_foldx/151_to_151H8__HA1E/graphinity_mut_rep0.pdb,151_to_151H8,HA1E,0,
151_to_151H8__HA1E,151_to_151H8__HA1E_rep1_HA1E,0.0,A,B,A,B,/data1/qlyu/model_smoke/pvrig_positive11_structure_affinity_benchmark_20260719/graphinity_single_mut_foldx/151_to_151H8__HA1E/graphinity_wt_rep1.pdb,/data1/qlyu/model_smoke/pvrig_positive11_structure_affinity_benchmark_20260719/graphinity_single_mut_foldx/151_to_151H8__HA1E/graphinity_mut_rep1.pdb,151_to_151H8,HA1E,1,
151_to_151H8__HA1E,151_to_151H8__HA1E_rep2_HA1E,0.0,A,B,A,B,/data1/qlyu/model_smoke/pvrig_positive11_structure_affinity_benchmark_20260719/graphinity_single_mut_foldx/151_to_151H8__HA1E/graphinity_wt_rep2.pdb,/data1/qlyu/model_smoke/pvrig_positive11_structure_affinity_benchmark_20260719/graphinity_single_mut_foldx/151_to_151H8__HA1E/graphinity_mut_rep2.pdb,151_to_151H8,HA1E,2,
