schema_version	disagreement_direction	tail_rank	candidate_id	sequence_sha256	parent_framework_cluster	target_patch_id	design_mode	sequence_prediction	structure_prediction	sequence_rank	structure_rank	rank_delta_sequence_minus_structure	claim_boundary
phase2_v4_h_research1320_sequence_structure_comparison_v1	STRUCTURE_FAVORED	1	V4H__PLDNANO_VHH_00257__A_CENTER__H1H3__B00__M00	95458f11e7eff723554992da3353f88f689147e74caf2866965f31e8a8e8b277	C0176	A_CENTER	H1H3	0.537013533312	0.582406464034	997	131	866	Label-free comparison of frozen OPEN_TRAIN sequence and monomer-structure surrogates for computational docking geometry R_dual_min; no V4-H docking result, pose, geometry label, binding, affinity, or experimental blocking truth.
phase2_v4_h_research1320_sequence_structure_comparison_v1	STRUCTURE_FAVORED	2	V4H__PLDNANO_VHH_00257__B_LOWER__H3__B11__M02	cbd298c13b8ad9c6c7322b3a4b36797a3c69b63a648d219be75524689e8fd7a0	C0176	B_LOWER	H3	0.539346244404	0.585085433185	965	121	844	Label-free comparison of frozen OPEN_TRAIN sequence and monomer-structure surrogates for computational docking geometry R_dual_min; no V4-H docking result, pose, geometry label, binding, affinity, or experimental blocking truth.
phase2_v4_h_research1320_sequence_structure_comparison_v1	STRUCTURE_FAVORED	3	V4H__PLDNANO_VHH_00257__A_CENTER__H3__B05__M02	d36e50cefb2838e503cfcd9e8d32ce4d5bffc7fb10222428b43c040275e2b483	C0176	A_CENTER	H3	0.537422355628	0.57956825568	991	155	836	Label-free comparison of frozen OPEN_TRAIN sequence and monomer-structure surrogates for computational docking geometry R_dual_min; no V4-H docking result, pose, geometry label, binding, affinity, or experimental blocking truth.
phase2_v4_h_research1320_sequence_structure_comparison_v1	STRUCTURE_FAVORED	4	V4H__PLDNANO_VHH_00257__B_LOWER__H3__B11__M01	af9edfdd193fe9f1cbd9c7db9b977e672f140247d999900e3dba75cab8b845f7	C0176	B_LOWER	H3	0.539613151635	0.583340160064	961	126	835	Label-free comparison of frozen OPEN_TRAIN sequence and monomer-structure surrogates for computational docking geometry R_dual_min; no V4-H docking result, pose, geometry label, binding, affinity, or experimental blocking truth.
phase2_v4_h_research1320_sequence_structure_comparison_v1	STRUCTURE_FAVORED	5	V4H__PLDNANO_VHH_00257__A_CENTER__H3__B07__M00	d9c7e631ad3f1a6f1a3c06488dfa51e808e71f29fa3bdd93d04a7dc198279f37	C0176	A_CENTER	H3	0.541050642595	0.582017691343	935	135	800	Label-free comparison of frozen OPEN_TRAIN sequence and monomer-structure surrogates for computational docking geometry R_dual_min; no V4-H docking result, pose, geometry label, binding, affinity, or experimental blocking truth.
phase2_v4_h_research1320_sequence_structure_comparison_v1	STRUCTURE_FAVORED	6	V4H__PLDNANO_VHH_00257__B_LOWER__H1H3__B00__M01	8bf862ff16cfbf197086348d7cb3f3819a8bf917cdac10cd28e6c9a629a2b4ef	C0176	B_LOWER	H1H3	0.540114494265	0.579860443132	951	152	799	Label-free comparison of frozen OPEN_TRAIN sequence and monomer-structure surrogates for computational docking geometry R_dual_min; no V4-H docking result, pose, geometry label, binding, affinity, or experimental blocking truth.
phase2_v4_h_research1320_sequence_structure_comparison_v1	STRUCTURE_FAVORED	7	V4H__PLDNANO_VHH_00257__C_CROSS__H1H3__B04__M02	7ebe0232a232ba106ab0fcab493f8e106acf74e94a38df552bb40db2d62e935e	C0176	C_CROSS	H1H3	0.535914690877	0.57630567984	1014	229	785	Label-free comparison of frozen OPEN_TRAIN sequence and monomer-structure surrogates for computational docking geometry R_dual_min; no V4-H docking result, pose, geometry label, binding, affinity, or experimental blocking truth.
phase2_v4_h_research1320_sequence_structure_comparison_v1	STRUCTURE_FAVORED	8	V4H__PLDNANO_VHH_00257__C_CROSS__H3__B07__M00	ae0459a43cd5231852e274ca2c5931e3574e446bd7e9aec5af720a3317e7b6d2	C0176	C_CROSS	H3	0.542189251189	0.581741968774	915	137	778	Label-free comparison of frozen OPEN_TRAIN sequence and monomer-structure surrogates for computational docking geometry R_dual_min; no V4-H docking result, pose, geometry label, binding, affinity, or experimental blocking truth.
phase2_v4_h_research1320_sequence_structure_comparison_v1	STRUCTURE_FAVORED	9	V4H__PLDNANO_VHH_00257__B_LOWER__H1H3__B00__M02	a421af5ad5fddf5c212ac273989e6b4f8a329202d07a7ef95ddd3640873124d2	C0176	B_LOWER	H1H3	0.541664693747	0.580144163605	923	149	774	Label-free comparison of frozen OPEN_TRAIN sequence and monomer-structure surrogates for computational docking geometry R_dual_min; no V4-H docking result, pose, geometry label, binding, affinity, or experimental blocking truth.
phase2_v4_h_research1320_sequence_structure_comparison_v1	STRUCTURE_FAVORED	10	V4H__PLDNANO_VHH_00257__A_CENTER__H1H3__B05__M01	2c674e742c4c4cc73e8311fb64ede3ac1d8f40b5fa72328868bff6a58bc40955	C0176	A_CENTER	H1H3	0.542314116196	0.581301891833	913	142	771	Label-free comparison of frozen OPEN_TRAIN sequence and monomer-structure surrogates for computational docking geometry R_dual_min; no V4-H docking result, pose, geometry label, binding, affinity, or experimental blocking truth.
phase2_v4_h_research1320_sequence_structure_comparison_v1	STRUCTURE_FAVORED	11	V4H__PLDNANO_VHH_00257__B_LOWER__H3__B11__M00	679f336bd1da7a45d95458e073b77f7e9b323997bf78a7e1185e111e9e8c73a4	C0176	B_LOWER	H3	0.536126821159	0.575195670583	1009	250	759	Label-free comparison of frozen OPEN_TRAIN sequence and monomer-structure surrogates for computational docking geometry R_dual_min; no V4-H docking result, pose, geometry label, binding, affinity, or experimental blocking truth.
phase2_v4_h_research1320_sequence_structure_comparison_v1	STRUCTURE_FAVORED	12	V4H__PLDNANO_VHH_00508__C_CROSS__H1H3__B11__M01	38561be98f0d46b64d71016b17d324c6590751bfce43af53e07a621b6778d5eb	C0348	C_CROSS	H1H3	0.539580316408	0.576593901214	962	218	744	Label-free comparison of frozen OPEN_TRAIN sequence and monomer-structure surrogates for computational docking geometry R_dual_min; no V4-H docking result, pose, geometry label, binding, affinity, or experimental blocking truth.
phase2_v4_h_research1320_sequence_structure_comparison_v1	STRUCTURE_FAVORED	13	V4H__PLDNANO_VHH_00257__C_CROSS__H3__B02__M01	0db37009c648e8db29f8a27eeefe8ade9cce05463ac1ca99ee069f3134ba6a51	C0176	C_CROSS	H3	0.536499026245	0.574382159963	1004	263	741	Label-free comparison of frozen OPEN_TRAIN sequence and monomer-structure surrogates for computational docking geometry R_dual_min; no V4-H docking result, pose, geometry label, binding, affinity, or experimental blocking truth.
phase2_v4_h_research1320_sequence_structure_comparison_v1	STRUCTURE_FAVORED	14	V4H__PLDNANO_VHH_00257__A_CENTER__H1H3__B00__M02	4ba149e2b42fe2312515c0749e2f63dae0898e42b7494eb2806e65d77dc5a4cd	C0176	A_CENTER	H1H3	0.536044038385	0.573719977546	1011	276	735	Label-free comparison of frozen OPEN_TRAIN sequence and monomer-structure surrogates for computational docking geometry R_dual_min; no V4-H docking result, pose, geometry label, binding, affinity, or experimental blocking truth.
phase2_v4_h_research1320_sequence_structure_comparison_v1	STRUCTURE_FAVORED	15	V4H__PLDNANO_VHH_00257__A_CENTER__H1H3__B05__M00	5eb9eabbf4db3ed698b7837dd35a5cd2c958d974248aab3076e90cc9e1ec2c1a	C0176	A_CENTER	H1H3	0.540406625582	0.576634093186	946	216	730	Label-free comparison of frozen OPEN_TRAIN sequence and monomer-structure surrogates for computational docking geometry R_dual_min; no V4-H docking result, pose, geometry label, binding, affinity, or experimental blocking truth.
phase2_v4_h_research1320_sequence_structure_comparison_v1	STRUCTURE_FAVORED	16	V4H__PLDNANO_VHH_00257__A_CENTER__H3__B05__M00	e6f4783b6d100c00182db59b5087dba3836536839bafcf284a58bd3ec13c1f50	C0176	A_CENTER	H3	0.540360643392	0.576418039509	948	223	725	Label-free comparison of frozen OPEN_TRAIN sequence and monomer-structure surrogates for computational docking geometry R_dual_min; no V4-H docking result, pose, geometry label, binding, affinity, or experimental blocking truth.
phase2_v4_h_research1320_sequence_structure_comparison_v1	STRUCTURE_FAVORED	17	V4H__PLDNANO_VHH_00257__B_LOWER__H1H3__B02__M01	dfc411056b5f95dbd435d48f96880be08062c529ce86bf491c37d8cf188c7e72	C0176	B_LOWER	H1H3	0.53381229422	0.571736650267	1036	334	702	Label-free comparison of frozen OPEN_TRAIN sequence and monomer-structure surrogates for computational docking geometry R_dual_min; no V4-H docking result, pose, geometry label, binding, affinity, or experimental blocking truth.
phase2_v4_h_research1320_sequence_structure_comparison_v1	STRUCTURE_FAVORED	18	V4H__PLDNANO_VHH_00257__B_LOWER__H3__B07__M02	d60502883dbb527284b6795c53d69fe0121796dcbc361418689d088d36d67281	C0176	B_LOWER	H3	0.544692673453	0.578759626017	866	167	699	Label-free comparison of frozen OPEN_TRAIN sequence and monomer-structure surrogates for computational docking geometry R_dual_min; no V4-H docking result, pose, geometry label, binding, affinity, or experimental blocking truth.
phase2_v4_h_research1320_sequence_structure_comparison_v1	STRUCTURE_FAVORED	19	V4H__PLDNANO_VHH_00257__C_CROSS__H3__B08__M01	631d3908cf19f3f7f7629e73ef574c3d41934f28612e61203d207d04981ab239	C0176	C_CROSS	H3	0.539278796994	0.573810265504	967	275	692	Label-free comparison of frozen OPEN_TRAIN sequence and monomer-structure surrogates for computational docking geometry R_dual_min; no V4-H docking result, pose, geometry label, binding, affinity, or experimental blocking truth.
phase2_v4_h_research1320_sequence_structure_comparison_v1	STRUCTURE_FAVORED	20	V4H__PLDNANO_VHH_00257__B_LOWER__H1H3__B02__M00	84447aa97b87641188720d5e864210e0b0b8455909291516eebb3875f3ca2931	C0176	B_LOWER	H1H3	0.540336954403	0.574836886561	949	258	691	Label-free comparison of frozen OPEN_TRAIN sequence and monomer-structure surrogates for computational docking geometry R_dual_min; no V4-H docking result, pose, geometry label, binding, affinity, or experimental blocking truth.
phase2_v4_h_research1320_sequence_structure_comparison_v1	STRUCTURE_FAVORED	21	V4H__PLDNANO_VHH_00257__B_LOWER__H1H3__B08__M01	92b7d16a920522bd3fa28339cd1af45571be5480ebd69bece0d958ac5bc9298b	C0176	B_LOWER	H1H3	0.53849376014	0.572965586796	978	298	680	Label-free comparison of frozen OPEN_TRAIN sequence and monomer-structure surrogates for computational docking geometry R_dual_min; no V4-H docking result, pose, geometry label, binding, affinity, or experimental blocking truth.
phase2_v4_h_research1320_sequence_structure_comparison_v1	STRUCTURE_FAVORED	22	V4H__PLDNANO_VHH_00257__C_CROSS__H1H3__B11__M00	5cc870307e00630ed5b0df2eae25a1b2cd7bf53e707406d89f1fd3f2b6eda866	C0176	C_CROSS	H1H3	0.545471680729	0.578388636887	856	177	679	Label-free comparison of frozen OPEN_TRAIN sequence and monomer-structure surrogates for computational docking geometry R_dual_min; no V4-H docking result, pose, geometry label, binding, affinity, or experimental blocking truth.
phase2_v4_h_research1320_sequence_structure_comparison_v1	STRUCTURE_FAVORED	23	V4H__PLDNANO_VHH_00257__B_LOWER__H3__B07__M01	77ee928d774f3533748203656cd3f9ce238d16ceb84b397988ec1922eafcb1b4	C0176	B_LOWER	H3	0.546783872104	0.580413271941	823	145	678	Label-free comparison of frozen OPEN_TRAIN sequence and monomer-structure surrogates for computational docking geometry R_dual_min; no V4-H docking result, pose, geometry label, binding, affinity, or experimental blocking truth.
phase2_v4_h_research1320_sequence_structure_comparison_v1	STRUCTURE_FAVORED	24	V4H__PLDNANO_VHH_00257__B_LOWER__H1H3__B04__M02	58a4b503291ab2ec18425cb4af6d7826898dd55df07ebb861bff99ab9f6217c7	C0176	B_LOWER	H1H3	0.542537885433	0.57617935667	909	234	675	Label-free comparison of frozen OPEN_TRAIN sequence and monomer-structure surrogates for computational docking geometry R_dual_min; no V4-H docking result, pose, geometry label, binding, affinity, or experimental blocking truth.
phase2_v4_h_research1320_sequence_structure_comparison_v1	STRUCTURE_FAVORED	25	V4H__PLDNANO_VHH_00257__C_CROSS__H1H3__B07__M02	7831a8d77c92870a1e6c6f04b79bf248257aaa4e18cb0504cc32f39dfbe3319d	C0176	C_CROSS	H1H3	0.53375499293	0.57053124845	1040	374	666	Label-free comparison of frozen OPEN_TRAIN sequence and monomer-structure surrogates for computational docking geometry R_dual_min; no V4-H docking result, pose, geometry label, binding, affinity, or experimental blocking truth.
phase2_v4_h_research1320_sequence_structure_comparison_v1	STRUCTURE_FAVORED	26	V4H__PLDNANO_VHH_00257__C_CROSS__H1H3__B09__M00	b7c8add20903245bb651687e319cfde8473cf1413326cf1a2c1a174b960b9e48	C0176	C_CROSS	H1H3	0.539693767855	0.573054362333	958	296	662	Label-free comparison of frozen OPEN_TRAIN sequence and monomer-structure surrogates for computational docking geometry R_dual_min; no V4-H docking result, pose, geometry label, binding, affinity, or experimental blocking truth.
phase2_v4_h_research1320_sequence_structure_comparison_v1	STRUCTURE_FAVORED	27	V4H__PLDNANO_VHH_00257__C_CROSS__H1H3__B03__M01	0285ba4177c11ccef635a63a2d034d168a5cd70bfa51ca648aac9ff181107e6d	C0176	C_CROSS	H1H3	0.545922875505	0.577918804625	846	189	657	Label-free comparison of frozen OPEN_TRAIN sequence and monomer-structure surrogates for computational docking geometry R_dual_min; no V4-H docking result, pose, geometry label, binding, affinity, or experimental blocking truth.
phase2_v4_h_research1320_sequence_structure_comparison_v1	STRUCTURE_FAVORED	28	V4H__PLDNANO_VHH_00257__B_LOWER__H3__B00__M00	80c9cd1d2ce34ecd864c1d9318c7a2e84ccb37778b24575274797f4dbe669bc4	C0176	B_LOWER	H3	0.540593770458	0.5732655579	944	292	652	Label-free comparison of frozen OPEN_TRAIN sequence and monomer-structure surrogates for computational docking geometry R_dual_min; no V4-H docking result, pose, geometry label, binding, affinity, or experimental blocking truth.
phase2_v4_h_research1320_sequence_structure_comparison_v1	STRUCTURE_FAVORED	29	V4H__PLDNANO_VHH_00257__A_CENTER__H1H3__B05__M02	2341e220da2f563f53dcba5f0d4383e4dff925846b2c74af84f6e671b3dcf7ee	C0176	A_CENTER	H1H3	0.547978160969	0.579633129096	801	154	647	Label-free comparison of frozen OPEN_TRAIN sequence and monomer-structure surrogates for computational docking geometry R_dual_min; no V4-H docking result, pose, geometry label, binding, affinity, or experimental blocking truth.
phase2_v4_h_research1320_sequence_structure_comparison_v1	STRUCTURE_FAVORED	30	V4H__PLDNANO_VHH_00508__C_CROSS__H3__B11__M00	3216ffd60ef050c4485eda4aed5c0bdba19aea2a137e292e34ebd32508225ef6	C0348	C_CROSS	H3	0.547557674665	0.579062912447	811	164	647	Label-free comparison of frozen OPEN_TRAIN sequence and monomer-structure surrogates for computational docking geometry R_dual_min; no V4-H docking result, pose, geometry label, binding, affinity, or experimental blocking truth.
phase2_v4_h_research1320_sequence_structure_comparison_v1	STRUCTURE_FAVORED	31	V4H__PLDNANO_VHH_00508__A_CENTER__H1H3__B03__M01	bc95ca5654ed970e792b63de10ac8461ce79eb88af326bcf49f91eaaf1c220e5	C0348	A_CENTER	H1H3	0.548879623473	0.581495666027	782	141	641	Label-free comparison of frozen OPEN_TRAIN sequence and monomer-structure surrogates for computational docking geometry R_dual_min; no V4-H docking result, pose, geometry label, binding, affinity, or experimental blocking truth.
phase2_v4_h_research1320_sequence_structure_comparison_v1	STRUCTURE_FAVORED	32	V4H__PLDNANO_VHH_00257__C_CROSS__H1H3__B05__M02	c9bab6f926d8a26fadfa09e05de5d3091170c88337f1fd431da6e9125085e4e4	C0176	C_CROSS	H1H3	0.54695574758	0.578056769995	820	185	635	Label-free comparison of frozen OPEN_TRAIN sequence and monomer-structure surrogates for computational docking geometry R_dual_min; no V4-H docking result, pose, geometry label, binding, affinity, or experimental blocking truth.
phase2_v4_h_research1320_sequence_structure_comparison_v1	STRUCTURE_FAVORED	33	V4H__PLDNANO_VHH_00257__C_CROSS__H1H3__B06__M01	c397c55ec88fbb60da2f40ab589ce4f6c5079dea429c05222ea21295318a77bf	C0176	C_CROSS	H1H3	0.54239420981	0.573559046225	911	280	631	Label-free comparison of frozen OPEN_TRAIN sequence and monomer-structure surrogates for computational docking geometry R_dual_min; no V4-H docking result, pose, geometry label, binding, affinity, or experimental blocking truth.
phase2_v4_h_research1320_sequence_structure_comparison_v1	STRUCTURE_FAVORED	34	V4H__PLDNANO_VHH_00257__C_CROSS__H1H3__B01__M00	852eeefec09c9c85a2302205a98e6da9cb1c5e56c2065f4cc8e805aa63fdd4e4	C0176	C_CROSS	H1H3	0.543077667438	0.574000063378	899	270	629	Label-free comparison of frozen OPEN_TRAIN sequence and monomer-structure surrogates for computational docking geometry R_dual_min; no V4-H docking result, pose, geometry label, binding, affinity, or experimental blocking truth.
phase2_v4_h_research1320_sequence_structure_comparison_v1	STRUCTURE_FAVORED	35	V4H__PLDNANO_VHH_00257__A_CENTER__H1H3__B04__M00	535c4e9af70836da7f15fdda4572f5e0e3b38659a5b02cd665dcbda731c63ecc	C0176	A_CENTER	H1H3	0.547397642442	0.577965443813	813	186	627	Label-free comparison of frozen OPEN_TRAIN sequence and monomer-structure surrogates for computational docking geometry R_dual_min; no V4-H docking result, pose, geometry label, binding, affinity, or experimental blocking truth.
phase2_v4_h_research1320_sequence_structure_comparison_v1	STRUCTURE_FAVORED	36	V4H__PLDNANO_VHH_00257__C_CROSS__H3__B05__M01	c1898be0a4510d0a7ec3843f95ad1e0c55a0befb40b55f48d03b404365afff26	C0176	C_CROSS	H3	0.544256215412	0.575510238381	873	246	627	Label-free comparison of frozen OPEN_TRAIN sequence and monomer-structure surrogates for computational docking geometry R_dual_min; no V4-H docking result, pose, geometry label, binding, affinity, or experimental blocking truth.
phase2_v4_h_research1320_sequence_structure_comparison_v1	STRUCTURE_FAVORED	37	V4H__PLDNANO_VHH_00257__A_CENTER__H1H3__B09__M01	b58915eff903bc0af6890cb77a4435d78960afdd20f5c56ed087c41944dbce77	C0176	A_CENTER	H1H3	0.546238129976	0.576788892811	836	213	623	Label-free comparison of frozen OPEN_TRAIN sequence and monomer-structure surrogates for computational docking geometry R_dual_min; no V4-H docking result, pose, geometry label, binding, affinity, or experimental blocking truth.
phase2_v4_h_research1320_sequence_structure_comparison_v1	STRUCTURE_FAVORED	38	V4H__PLDNANO_VHH_00508__A_CENTER__H3__B05__M02	c35ee49cfdc9703340d2388d6c9e6d8413f8f273e96dddb5bd427ef258abcb85	C0348	A_CENTER	H3	0.55061222416	0.583759362894	742	123	619	Label-free comparison of frozen OPEN_TRAIN sequence and monomer-structure surrogates for computational docking geometry R_dual_min; no V4-H docking result, pose, geometry label, binding, affinity, or experimental blocking truth.
phase2_v4_h_research1320_sequence_structure_comparison_v1	STRUCTURE_FAVORED	39	V4H__PLDNANO_VHH_00257__B_LOWER__H1H3__B01__M02	939baded6a520619ad2d31fb41eacf54a227580ab7d28db5076205d5e0696332	C0176	B_LOWER	H1H3	0.542882287963	0.573405814559	905	287	618	Label-free comparison of frozen OPEN_TRAIN sequence and monomer-structure surrogates for computational docking geometry R_dual_min; no V4-H docking result, pose, geometry label, binding, affinity, or experimental blocking truth.
phase2_v4_h_research1320_sequence_structure_comparison_v1	STRUCTURE_FAVORED	40	V4H__PLDNANO_VHH_00257__B_LOWER__H1H3__B11__M01	8b7593fa3dbf3a8a58957390446ba06e45902b9b79ffe8cd4c3e1bbeefbccc61	C0176	B_LOWER	H1H3	0.539726340576	0.571227533548	957	350	607	Label-free comparison of frozen OPEN_TRAIN sequence and monomer-structure surrogates for computational docking geometry R_dual_min; no V4-H docking result, pose, geometry label, binding, affinity, or experimental blocking truth.
phase2_v4_h_research1320_sequence_structure_comparison_v1	STRUCTURE_FAVORED	41	V4H__PLDNANO_VHH_00257__C_CROSS__H1H3__B05__M01	03cdb1a05d127d979ae752da1db9574be085059edee78616c38473bfb0ce8da6	C0176	C_CROSS	H1H3	0.54828760708	0.577909897417	796	190	606	Label-free comparison of frozen OPEN_TRAIN sequence and monomer-structure surrogates for computational docking geometry R_dual_min; no V4-H docking result, pose, geometry label, binding, affinity, or experimental blocking truth.
phase2_v4_h_research1320_sequence_structure_comparison_v1	STRUCTURE_FAVORED	42	V4H__PLDNANO_VHH_00257__C_CROSS__H1H3__B09__M01	a3f2bef44d7427cdb7985b4845fd9b0fcea6187d1bc3415a61ce9de0465f6c97	C0176	C_CROSS	H1H3	0.549060042577	0.578929983714	772	166	606	Label-free comparison of frozen OPEN_TRAIN sequence and monomer-structure surrogates for computational docking geometry R_dual_min; no V4-H docking result, pose, geometry label, binding, affinity, or experimental blocking truth.
phase2_v4_h_research1320_sequence_structure_comparison_v1	STRUCTURE_FAVORED	43	V4H__PLDNANO_VHH_00508__C_CROSS__H1H3__B03__M02	1e19f54e0de22e71a9022109b743698d8d06256f034c5e8a16d2ba9d85bf020a	C0348	C_CROSS	H1H3	0.547602434407	0.577211670691	808	204	604	Label-free comparison of frozen OPEN_TRAIN sequence and monomer-structure surrogates for computational docking geometry R_dual_min; no V4-H docking result, pose, geometry label, binding, affinity, or experimental blocking truth.
phase2_v4_h_research1320_sequence_structure_comparison_v1	STRUCTURE_FAVORED	44	V4H__PLDNANO_VHH_00257__B_LOWER__H1H3__B10__M01	8dc6a09498e10903fd88ee22cb3d9ccca8f4b76461e40a85b7f28c22570c0aac	C0176	B_LOWER	H1H3	0.551335917721	0.582235289858	726	133	593	Label-free comparison of frozen OPEN_TRAIN sequence and monomer-structure surrogates for computational docking geometry R_dual_min; no V4-H docking result, pose, geometry label, binding, affinity, or experimental blocking truth.
phase2_v4_h_research1320_sequence_structure_comparison_v1	STRUCTURE_FAVORED	45	V4H__PLDNANO_VHH_00257__A_CENTER__H1H3__B11__M01	5940c9a408417986833e8ac4362eddcdd896d2c1f60d731308c1c62c170af455	C0176	A_CENTER	H1H3	0.547359207062	0.576468811965	814	222	592	Label-free comparison of frozen OPEN_TRAIN sequence and monomer-structure surrogates for computational docking geometry R_dual_min; no V4-H docking result, pose, geometry label, binding, affinity, or experimental blocking truth.
phase2_v4_h_research1320_sequence_structure_comparison_v1	STRUCTURE_FAVORED	46	V4H__PLDNANO_VHH_00257__B_LOWER__H3__B03__M01	3a26102e0adc75ec36a3ccebbdc6540e753cbe87fd7aa940fbd3fa2d91f86511	C0176	B_LOWER	H3	0.542072673049	0.571929324615	917	329	588	Label-free comparison of frozen OPEN_TRAIN sequence and monomer-structure surrogates for computational docking geometry R_dual_min; no V4-H docking result, pose, geometry label, binding, affinity, or experimental blocking truth.
phase2_v4_h_research1320_sequence_structure_comparison_v1	STRUCTURE_FAVORED	47	V4H__PLDNANO_VHH_00508__C_CROSS__H1H3__B11__M00	787e62bbcaf738f555b97dbbbbeb3cee4da272640593f5d24505944f2f82a31b	C0348	C_CROSS	H1H3	0.542916874257	0.572322036642	904	316	588	Label-free comparison of frozen OPEN_TRAIN sequence and monomer-structure surrogates for computational docking geometry R_dual_min; no V4-H docking result, pose, geometry label, binding, affinity, or experimental blocking truth.
phase2_v4_h_research1320_sequence_structure_comparison_v1	STRUCTURE_FAVORED	48	V4H__PLDNANO_VHH_00257__C_CROSS__H3__B06__M02	df45427c3542b7e4ea8230dd38f5b203cfba493ae383a8f5b4c8a058948996e9	C0176	C_CROSS	H3	0.541844207932	0.571722804826	921	335	586	Label-free comparison of frozen OPEN_TRAIN sequence and monomer-structure surrogates for computational docking geometry R_dual_min; no V4-H docking result, pose, geometry label, binding, affinity, or experimental blocking truth.
phase2_v4_h_research1320_sequence_structure_comparison_v1	STRUCTURE_FAVORED	49	V4H__PLDNANO_VHH_00257__A_CENTER__H1H3__B07__M02	10a7da588a4d48983ff83c4f62d0c954a929e69c50f54928b52a4dd37c18bd68	C0176	A_CENTER	H1H3	0.537316958606	0.569228292447	992	410	582	Label-free comparison of frozen OPEN_TRAIN sequence and monomer-structure surrogates for computational docking geometry R_dual_min; no V4-H docking result, pose, geometry label, binding, affinity, or experimental blocking truth.
phase2_v4_h_research1320_sequence_structure_comparison_v1	STRUCTURE_FAVORED	50	V4H__PLDNANO_VHH_00257__A_CENTER__H3__B09__M01	c9ad310b150048f2a056290592b1bcfc81a121e4075da5d1400996f94b9cd606	C0176	A_CENTER	H3	0.551534556454	0.581550620903	722	140	582	Label-free comparison of frozen OPEN_TRAIN sequence and monomer-structure surrogates for computational docking geometry R_dual_min; no V4-H docking result, pose, geometry label, binding, affinity, or experimental blocking truth.
phase2_v4_h_research1320_sequence_structure_comparison_v1	SEQUENCE_FAVORED	1	V4H__PLDNANO_VHH_00531__C_CROSS__H3__B08__M02	b753317597b175643a698b12137165e0473602a8c251dd8efdd6fbd10ba77cd7	C0360	C_CROSS	H3	0.58778779907	0.548469332318	151	788	-637	Label-free comparison of frozen OPEN_TRAIN sequence and monomer-structure surrogates for computational docking geometry R_dual_min; no V4-H docking result, pose, geometry label, binding, affinity, or experimental blocking truth.
phase2_v4_h_research1320_sequence_structure_comparison_v1	SEQUENCE_FAVORED	2	V4H__PLDNANO_VHH_00531__A_CENTER__H1H3__B07__M00	8a8610e5cb8c556c45715ca0e3364cee8901d8a844308d069a37484f80510672	C0360	A_CENTER	H1H3	0.589416455027	0.552159716505	135	736	-601	Label-free comparison of frozen OPEN_TRAIN sequence and monomer-structure surrogates for computational docking geometry R_dual_min; no V4-H docking result, pose, geometry label, binding, affinity, or experimental blocking truth.
phase2_v4_h_research1320_sequence_structure_comparison_v1	SEQUENCE_FAVORED	3	V4H__PLDNANO_VHH_00118__B_LOWER__H1H3__B08__M00	ac43959869c3355c7c5a7fee3a47dd383391531b82b7d6682c866891304998de	C0078	B_LOWER	H1H3	0.569548688754	0.533880286083	360	957	-597	Label-free comparison of frozen OPEN_TRAIN sequence and monomer-structure surrogates for computational docking geometry R_dual_min; no V4-H docking result, pose, geometry label, binding, affinity, or experimental blocking truth.
phase2_v4_h_research1320_sequence_structure_comparison_v1	SEQUENCE_FAVORED	4	V4H__PLDNANO_VHH_00531__B_LOWER__H3__B08__M01	e639f493748e59a5eebf4d61813ae60265c3d79024a15cce5675dceea1d68c7a	C0360	B_LOWER	H3	0.592979741921	0.55517597877	113	701	-588	Label-free comparison of frozen OPEN_TRAIN sequence and monomer-structure surrogates for computational docking geometry R_dual_min; no V4-H docking result, pose, geometry label, binding, affinity, or experimental blocking truth.
phase2_v4_h_research1320_sequence_structure_comparison_v1	SEQUENCE_FAVORED	5	V4H__PLDNANO_VHH_00531__C_CROSS__H1H3__B02__M02	5d6215b5df7ef7fb042f7492f03d00438f7095875c29ff14b7b6aa26638649d8	C0360	C_CROSS	H1H3	0.582105705445	0.549296263948	206	773	-567	Label-free comparison of frozen OPEN_TRAIN sequence and monomer-structure surrogates for computational docking geometry R_dual_min; no V4-H docking result, pose, geometry label, binding, affinity, or experimental blocking truth.
phase2_v4_h_research1320_sequence_structure_comparison_v1	SEQUENCE_FAVORED	6	V4H__PLDNANO_VHH_00118__A_CENTER__H1H3__B00__M00	a238bfde3f7c8c23d941208138a08a821e9c139464174f63a2333ae14dd52578	C0078	A_CENTER	H1H3	0.57492060822	0.543934176271	278	837	-559	Label-free comparison of frozen OPEN_TRAIN sequence and monomer-structure surrogates for computational docking geometry R_dual_min; no V4-H docking result, pose, geometry label, binding, affinity, or experimental blocking truth.
phase2_v4_h_research1320_sequence_structure_comparison_v1	SEQUENCE_FAVORED	7	V4H__PLDNANO_VHH_00531__B_LOWER__H3__B04__M00	810c64857195dc87fd5345f1cf32a9e369b3c7850dca8f30fa43246c8ec9c391	C0360	B_LOWER	H3	0.584209107869	0.551597784132	185	742	-557	Label-free comparison of frozen OPEN_TRAIN sequence and monomer-structure surrogates for computational docking geometry R_dual_min; no V4-H docking result, pose, geometry label, binding, affinity, or experimental blocking truth.
phase2_v4_h_research1320_sequence_structure_comparison_v1	SEQUENCE_FAVORED	8	V4H__PLDNANO_VHH_00531__A_CENTER__H3__B03__M01	ab9632e67dbd94db6058b73ad005dbecc92eed3bad11a6f5a5a2877f41f631f2	C0360	A_CENTER	H3	0.581880516456	0.549942668752	211	766	-555	Label-free comparison of frozen OPEN_TRAIN sequence and monomer-structure surrogates for computational docking geometry R_dual_min; no V4-H docking result, pose, geometry label, binding, affinity, or experimental blocking truth.
phase2_v4_h_research1320_sequence_structure_comparison_v1	SEQUENCE_FAVORED	9	V4H__PLDNANO_VHH_00531__A_CENTER__H3__B11__M01	4bfae21cbf1ac0ebcd94251f164b24d796df0ce475a2003f3e83ba561dcf69f7	C0360	A_CENTER	H3	0.591609453312	0.556806724385	120	674	-554	Label-free comparison of frozen OPEN_TRAIN sequence and monomer-structure surrogates for computational docking geometry R_dual_min; no V4-H docking result, pose, geometry label, binding, affinity, or experimental blocking truth.
phase2_v4_h_research1320_sequence_structure_comparison_v1	SEQUENCE_FAVORED	10	V4H__PLDNANO_VHH_00531__A_CENTER__H1H3__B02__M01	fa5af416fe553165d33084490d8b9cff163df3b328f85faa72750340ba4c95ea	C0360	A_CENTER	H1H3	0.584181152061	0.551987075802	186	738	-552	Label-free comparison of frozen OPEN_TRAIN sequence and monomer-structure surrogates for computational docking geometry R_dual_min; no V4-H docking result, pose, geometry label, binding, affinity, or experimental blocking truth.
phase2_v4_h_research1320_sequence_structure_comparison_v1	SEQUENCE_FAVORED	11	V4H__PLDNANO_VHH_00118__B_LOWER__H1H3__B08__M01	80bfae67800e72208ef363bb50f9fa6fe3e8c16bd6e24890e0fc81d883f476ee	C0078	B_LOWER	H1H3	0.566724455275	0.535397722444	395	941	-546	Label-free comparison of frozen OPEN_TRAIN sequence and monomer-structure surrogates for computational docking geometry R_dual_min; no V4-H docking result, pose, geometry label, binding, affinity, or experimental blocking truth.
phase2_v4_h_research1320_sequence_structure_comparison_v1	SEQUENCE_FAVORED	12	V4H__PLDNANO_VHH_00118__C_CROSS__H1H3__B07__M01	e65d9ae1e2edf46a933ebf379f317356038216d36a8b6d1fc503f246bbe31bbe	C0078	C_CROSS	H1H3	0.561449990041	0.52939268476	478	1024	-546	Label-free comparison of frozen OPEN_TRAIN sequence and monomer-structure surrogates for computational docking geometry R_dual_min; no V4-H docking result, pose, geometry label, binding, affinity, or experimental blocking truth.
phase2_v4_h_research1320_sequence_structure_comparison_v1	SEQUENCE_FAVORED	13	V4H__PLDNANO_VHH_00118__A_CENTER__H1H3__B09__M00	7c37811bdbd15263a65ac103da924a2777ebf0fb485e7e36b9e2018795b77367	C0078	A_CENTER	H1H3	0.573456974177	0.543293539315	303	848	-545	Label-free comparison of frozen OPEN_TRAIN sequence and monomer-structure surrogates for computational docking geometry R_dual_min; no V4-H docking result, pose, geometry label, binding, affinity, or experimental blocking truth.
phase2_v4_h_research1320_sequence_structure_comparison_v1	SEQUENCE_FAVORED	14	V4H__PLDNANO_VHH_00531__A_CENTER__H3__B04__M00	c77af1a0048ee77b6ae2b1d1ad30f4224b03bc8081f2b05d1b6f37afb0105fa5	C0360	A_CENTER	H3	0.584346364426	0.552891196163	181	726	-545	Label-free comparison of frozen OPEN_TRAIN sequence and monomer-structure surrogates for computational docking geometry R_dual_min; no V4-H docking result, pose, geometry label, binding, affinity, or experimental blocking truth.
phase2_v4_h_research1320_sequence_structure_comparison_v1	SEQUENCE_FAVORED	15	V4H__PLDNANO_VHH_00118__C_CROSS__H1H3__B07__M00	a2fde647517c2b16f97dd9c14e9a3bd27feae991b635fdfa3e25451e72599be7	C0078	C_CROSS	H1H3	0.56116191672	0.528723341884	487	1031	-544	Label-free comparison of frozen OPEN_TRAIN sequence and monomer-structure surrogates for computational docking geometry R_dual_min; no V4-H docking result, pose, geometry label, binding, affinity, or experimental blocking truth.
phase2_v4_h_research1320_sequence_structure_comparison_v1	SEQUENCE_FAVORED	16	V4H__PLDNANO_VHH_00531__A_CENTER__H3__B08__M02	9c29eb6683683105f8a1c8799be39fd2c578c6f32896fd01e18c17699fad6cf8	C0360	A_CENTER	H3	0.587366052658	0.555423726598	153	697	-544	Label-free comparison of frozen OPEN_TRAIN sequence and monomer-structure surrogates for computational docking geometry R_dual_min; no V4-H docking result, pose, geometry label, binding, affinity, or experimental blocking truth.
phase2_v4_h_research1320_sequence_structure_comparison_v1	SEQUENCE_FAVORED	17	V4H__PLDNANO_VHH_00531__C_CROSS__H1H3__B07__M01	f079cc24bb588badfaa620ca49f622b2b2cf7980af84555653517ed2dd4641d0	C0360	C_CROSS	H1H3	0.575053523284	0.547859666708	275	796	-521	Label-free comparison of frozen OPEN_TRAIN sequence and monomer-structure surrogates for computational docking geometry R_dual_min; no V4-H docking result, pose, geometry label, binding, affinity, or experimental blocking truth.
phase2_v4_h_research1320_sequence_structure_comparison_v1	SEQUENCE_FAVORED	18	V4H__PLDNANO_VHH_00207__A_CENTER__H1H3__B09__M02	bfa77add5d365755999ef82b71e23a78a4b8f1bd23559b797191edf2b4b59fe1	C0145	A_CENTER	H1H3	0.562194076386	0.532188354405	464	983	-519	Label-free comparison of frozen OPEN_TRAIN sequence and monomer-structure surrogates for computational docking geometry R_dual_min; no V4-H docking result, pose, geometry label, binding, affinity, or experimental blocking truth.
phase2_v4_h_research1320_sequence_structure_comparison_v1	SEQUENCE_FAVORED	19	V4H__PLDNANO_VHH_00531__B_LOWER__H1H3__B02__M01	304e2917b6df67d75126d7c034a0be7d950977d52b79ccc4155e51d01625babb	C0360	B_LOWER	H1H3	0.574298485281	0.546757102769	291	809	-518	Label-free comparison of frozen OPEN_TRAIN sequence and monomer-structure surrogates for computational docking geometry R_dual_min; no V4-H docking result, pose, geometry label, binding, affinity, or experimental blocking truth.
phase2_v4_h_research1320_sequence_structure_comparison_v1	SEQUENCE_FAVORED	20	V4H__PLDNANO_VHH_00531__C_CROSS__H1H3__B02__M00	4e6ae320f1be0f6807ebd76e4ce683df48efbb0f942beacb12e48505afdcc8d3	C0360	C_CROSS	H1H3	0.584306749901	0.555234282505	182	700	-518	Label-free comparison of frozen OPEN_TRAIN sequence and monomer-structure surrogates for computational docking geometry R_dual_min; no V4-H docking result, pose, geometry label, binding, affinity, or experimental blocking truth.
phase2_v4_h_research1320_sequence_structure_comparison_v1	SEQUENCE_FAVORED	21	V4H__PLDNANO_VHH_00118__C_CROSS__H1H3__B09__M01	9e866d441aab5027821700c123249772807a0176f8cafe67523006d9983a9528	C0078	C_CROSS	H1H3	0.57132497878	0.542936845871	337	852	-515	Label-free comparison of frozen OPEN_TRAIN sequence and monomer-structure surrogates for computational docking geometry R_dual_min; no V4-H docking result, pose, geometry label, binding, affinity, or experimental blocking truth.
phase2_v4_h_research1320_sequence_structure_comparison_v1	SEQUENCE_FAVORED	22	V4H__PLDNANO_VHH_00531__A_CENTER__H1H3__B04__M02	4c4ac7cdf84ed68c75ee028d944e2d5740de955328e108a79dfe49c66b82ea53	C0360	A_CENTER	H1H3	0.588784257391	0.558000078236	142	645	-503	Label-free comparison of frozen OPEN_TRAIN sequence and monomer-structure surrogates for computational docking geometry R_dual_min; no V4-H docking result, pose, geometry label, binding, affinity, or experimental blocking truth.
phase2_v4_h_research1320_sequence_structure_comparison_v1	SEQUENCE_FAVORED	23	V4H__PLDNANO_VHH_00531__B_LOWER__H3__B01__M00	d913928bfba5afa620c4ee2f8b8cf669b224b838caafd813a1899fdabc989ddb	C0360	B_LOWER	H3	0.583415530889	0.555764086023	195	690	-495	Label-free comparison of frozen OPEN_TRAIN sequence and monomer-structure surrogates for computational docking geometry R_dual_min; no V4-H docking result, pose, geometry label, binding, affinity, or experimental blocking truth.
phase2_v4_h_research1320_sequence_structure_comparison_v1	SEQUENCE_FAVORED	24	V4H__PLDNANO_VHH_00118__B_LOWER__H1H3__B01__M02	be5750d4f7c5fad1ec902d85d484daecb4910ef7d569807f50a6f994e6cb279a	C0078	B_LOWER	H1H3	0.570326228462	0.544577164335	348	831	-483	Label-free comparison of frozen OPEN_TRAIN sequence and monomer-structure surrogates for computational docking geometry R_dual_min; no V4-H docking result, pose, geometry label, binding, affinity, or experimental blocking truth.
phase2_v4_h_research1320_sequence_structure_comparison_v1	SEQUENCE_FAVORED	25	V4H__PLDNANO_VHH_00231__C_CROSS__H3__B04__M02	f5ca1e9e0d9a5817a49c38bf8c8a84c2a9e1029660a201e33206ce6093e6dca1	C0162	C_CROSS	H3	0.555099535591	0.522769561754	633	1110	-477	Label-free comparison of frozen OPEN_TRAIN sequence and monomer-structure surrogates for computational docking geometry R_dual_min; no V4-H docking result, pose, geometry label, binding, affinity, or experimental blocking truth.
phase2_v4_h_research1320_sequence_structure_comparison_v1	SEQUENCE_FAVORED	26	V4H__PLDNANO_VHH_00531__A_CENTER__H3__B03__M00	c44e72790b261312d178309bfc41717131f114eb916d9a8f7f43743d07f69086	C0360	A_CENTER	H3	0.587974544904	0.559323700765	147	624	-477	Label-free comparison of frozen OPEN_TRAIN sequence and monomer-structure surrogates for computational docking geometry R_dual_min; no V4-H docking result, pose, geometry label, binding, affinity, or experimental blocking truth.
phase2_v4_h_research1320_sequence_structure_comparison_v1	SEQUENCE_FAVORED	27	V4H__PLDNANO_VHH_00531__A_CENTER__H3__B01__M01	e0bf5b618fdc521be92adffa9e7ee4b4fdad800c4d55feca5b57604af06b2ca9	C0360	A_CENTER	H3	0.584520336244	0.557800116606	174	650	-476	Label-free comparison of frozen OPEN_TRAIN sequence and monomer-structure surrogates for computational docking geometry R_dual_min; no V4-H docking result, pose, geometry label, binding, affinity, or experimental blocking truth.
phase2_v4_h_research1320_sequence_structure_comparison_v1	SEQUENCE_FAVORED	28	V4H__PLDNANO_VHH_00531__B_LOWER__H3__B02__M00	2ac924f0a5ba44b315410718655e997adb664c9a23d0a66a1514d2cc68e737ab	C0360	B_LOWER	H3	0.576595497119	0.55286106912	259	727	-468	Label-free comparison of frozen OPEN_TRAIN sequence and monomer-structure surrogates for computational docking geometry R_dual_min; no V4-H docking result, pose, geometry label, binding, affinity, or experimental blocking truth.
phase2_v4_h_research1320_sequence_structure_comparison_v1	SEQUENCE_FAVORED	29	V4H__PLDNANO_VHH_00531__C_CROSS__H3__B01__M01	66576f75c50fe1e77a37635e9eafd938fb0030a9b3d92f349fa8b39a8c3e5c33	C0360	C_CROSS	H3	0.584595416978	0.558422328507	172	638	-466	Label-free comparison of frozen OPEN_TRAIN sequence and monomer-structure surrogates for computational docking geometry R_dual_min; no V4-H docking result, pose, geometry label, binding, affinity, or experimental blocking truth.
phase2_v4_h_research1320_sequence_structure_comparison_v1	SEQUENCE_FAVORED	30	V4H__PLDNANO_VHH_00207__B_LOWER__H1H3__B09__M00	122bd86a98039e983d2c296cc8998ce4d8ab2243592c2cf4c7ec2017469fba0d	C0145	B_LOWER	H1H3	0.562700542803	0.536737994887	456	919	-463	Label-free comparison of frozen OPEN_TRAIN sequence and monomer-structure surrogates for computational docking geometry R_dual_min; no V4-H docking result, pose, geometry label, binding, affinity, or experimental blocking truth.
phase2_v4_h_research1320_sequence_structure_comparison_v1	SEQUENCE_FAVORED	31	V4H__PLDNANO_VHH_00118__B_LOWER__H1H3__B01__M00	c0e1b29c8997a8909f60d3adb4c11fd14437c6d0e8dbd6e510a3b825e8c5217a	C0078	B_LOWER	H1H3	0.566172300949	0.541058705736	406	867	-461	Label-free comparison of frozen OPEN_TRAIN sequence and monomer-structure surrogates for computational docking geometry R_dual_min; no V4-H docking result, pose, geometry label, binding, affinity, or experimental blocking truth.
phase2_v4_h_research1320_sequence_structure_comparison_v1	SEQUENCE_FAVORED	32	V4H__PLDNANO_VHH_00531__B_LOWER__H1H3__B02__M00	d2980eaa5e9037424586cf3c31e76611b17889118849dba0bdd7037b2663304d	C0360	B_LOWER	H1H3	0.572645095615	0.549586497203	318	768	-450	Label-free comparison of frozen OPEN_TRAIN sequence and monomer-structure surrogates for computational docking geometry R_dual_min; no V4-H docking result, pose, geometry label, binding, affinity, or experimental blocking truth.
phase2_v4_h_research1320_sequence_structure_comparison_v1	SEQUENCE_FAVORED	33	V4H__PLDNANO_VHH_00231__A_CENTER__H3__B03__M02	a0cf32c7988a9417605651b75c0629f8edc4314b8217e957689e035038b0ad04	C0162	A_CENTER	H3	0.555704872315	0.52677400864	609	1056	-447	Label-free comparison of frozen OPEN_TRAIN sequence and monomer-structure surrogates for computational docking geometry R_dual_min; no V4-H docking result, pose, geometry label, binding, affinity, or experimental blocking truth.
phase2_v4_h_research1320_sequence_structure_comparison_v1	SEQUENCE_FAVORED	34	V4H__PLDNANO_VHH_00531__B_LOWER__H1H3__B07__M00	970c63197ddc438945639908ba29a74931ea501bc0239bb793aea2445100020d	C0360	B_LOWER	H1H3	0.583339020205	0.558080831948	196	642	-446	Label-free comparison of frozen OPEN_TRAIN sequence and monomer-structure surrogates for computational docking geometry R_dual_min; no V4-H docking result, pose, geometry label, binding, affinity, or experimental blocking truth.
phase2_v4_h_research1320_sequence_structure_comparison_v1	SEQUENCE_FAVORED	35	V4H__PLDNANO_VHH_00531__A_CENTER__H3__B04__M01	543f6c99ec0850ee829f0b07a46c85c67286bb740facb8fb1d1c5e46d986dbb2	C0360	A_CENTER	H3	0.582038294427	0.557572816745	208	653	-445	Label-free comparison of frozen OPEN_TRAIN sequence and monomer-structure surrogates for computational docking geometry R_dual_min; no V4-H docking result, pose, geometry label, binding, affinity, or experimental blocking truth.
phase2_v4_h_research1320_sequence_structure_comparison_v1	SEQUENCE_FAVORED	36	V4H__PLDNANO_VHH_00531__C_CROSS__H3__B04__M00	28bf8f031221df8e8de0234446fd980b3ea3a434d41fce2d59250dfa92f06ece	C0360	C_CROSS	H3	0.578805137729	0.555891391416	242	686	-444	Label-free comparison of frozen OPEN_TRAIN sequence and monomer-structure surrogates for computational docking geometry R_dual_min; no V4-H docking result, pose, geometry label, binding, affinity, or experimental blocking truth.
phase2_v4_h_research1320_sequence_structure_comparison_v1	SEQUENCE_FAVORED	37	V4H__PLDNANO_VHH_00231__B_LOWER__H3__B06__M02	a005270db0620dad0ae13fcfc9396fe4c7483c8effb64163e14e1c3ab5a9871b	C0162	B_LOWER	H3	0.569565418775	0.548116028644	358	793	-435	Label-free comparison of frozen OPEN_TRAIN sequence and monomer-structure surrogates for computational docking geometry R_dual_min; no V4-H docking result, pose, geometry label, binding, affinity, or experimental blocking truth.
phase2_v4_h_research1320_sequence_structure_comparison_v1	SEQUENCE_FAVORED	38	V4H__PLDNANO_VHH_00207__A_CENTER__H1H3__B03__M01	5f9ccd0fd09f645b45cb25dab092c98f042ff91ab693cef410efffe7b2412d7b	C0145	A_CENTER	H1H3	0.567107056525	0.545664101708	386	820	-434	Label-free comparison of frozen OPEN_TRAIN sequence and monomer-structure surrogates for computational docking geometry R_dual_min; no V4-H docking result, pose, geometry label, binding, affinity, or experimental blocking truth.
phase2_v4_h_research1320_sequence_structure_comparison_v1	SEQUENCE_FAVORED	39	V4H__PLDNANO_VHH_00531__A_CENTER__H3__B11__M02	ad7e067544dd5ba5ecd2dc7d6150889e7b0b90ec00adf4a42bd4425ebde41a6d	C0360	A_CENTER	H3	0.587032707009	0.562418298539	156	589	-433	Label-free comparison of frozen OPEN_TRAIN sequence and monomer-structure surrogates for computational docking geometry R_dual_min; no V4-H docking result, pose, geometry label, binding, affinity, or experimental blocking truth.
phase2_v4_h_research1320_sequence_structure_comparison_v1	SEQUENCE_FAVORED	40	V4H__PLDNANO_VHH_00531__B_LOWER__H1H3__B01__M01	55a256f29f692320b6d54091e8b3a3e10260e36594d51bd23dab4029cdc8020b	C0360	B_LOWER	H1H3	0.601028553477	0.566741092942	64	490	-426	Label-free comparison of frozen OPEN_TRAIN sequence and monomer-structure surrogates for computational docking geometry R_dual_min; no V4-H docking result, pose, geometry label, binding, affinity, or experimental blocking truth.
phase2_v4_h_research1320_sequence_structure_comparison_v1	SEQUENCE_FAVORED	41	V4H__PLDNANO_VHH_00531__B_LOWER__H3__B08__M00	8ec74a07bc57931ef1492e92781a2cb0d60e8d7a56c9e72ac926ea5efa79de88	C0360	B_LOWER	H3	0.579698536757	0.557348713465	233	658	-425	Label-free comparison of frozen OPEN_TRAIN sequence and monomer-structure surrogates for computational docking geometry R_dual_min; no V4-H docking result, pose, geometry label, binding, affinity, or experimental blocking truth.
phase2_v4_h_research1320_sequence_structure_comparison_v1	SEQUENCE_FAVORED	42	V4H__PLDNANO_VHH_00231__A_CENTER__H3__B09__M00	25f332dbebf42a0ffbd137ba55cc7bc2d8f26eeb52388617fe8759bd6a0df957	C0162	A_CENTER	H3	0.564338704016	0.542733885766	433	855	-422	Label-free comparison of frozen OPEN_TRAIN sequence and monomer-structure surrogates for computational docking geometry R_dual_min; no V4-H docking result, pose, geometry label, binding, affinity, or experimental blocking truth.
phase2_v4_h_research1320_sequence_structure_comparison_v1	SEQUENCE_FAVORED	43	V4H__PLDNANO_VHH_00531__C_CROSS__H3__B03__M01	25de10217df587e09dae508fc226ca945576eed44928d138703bd36e5268dacb	C0360	C_CROSS	H3	0.579040714219	0.557269880745	238	660	-422	Label-free comparison of frozen OPEN_TRAIN sequence and monomer-structure surrogates for computational docking geometry R_dual_min; no V4-H docking result, pose, geometry label, binding, affinity, or experimental blocking truth.
phase2_v4_h_research1320_sequence_structure_comparison_v1	SEQUENCE_FAVORED	44	V4H__PLDNANO_VHH_00118__C_CROSS__H1H3__B04__M00	aa52e5e3e35c8e4188db50e9adaef548ebcad5b1c5615e7438470e069c9bcceb	C0078	C_CROSS	H1H3	0.565535864317	0.543905700034	417	838	-421	Label-free comparison of frozen OPEN_TRAIN sequence and monomer-structure surrogates for computational docking geometry R_dual_min; no V4-H docking result, pose, geometry label, binding, affinity, or experimental blocking truth.
phase2_v4_h_research1320_sequence_structure_comparison_v1	SEQUENCE_FAVORED	45	V4H__PLDNANO_VHH_00118__A_CENTER__H1H3__B00__M02	0dab36098da3af8eddd983448b49678fa425522da00c89466c90e56777aa1723	C0078	A_CENTER	H1H3	0.573483468144	0.553497235379	301	721	-420	Label-free comparison of frozen OPEN_TRAIN sequence and monomer-structure surrogates for computational docking geometry R_dual_min; no V4-H docking result, pose, geometry label, binding, affinity, or experimental blocking truth.
phase2_v4_h_research1320_sequence_structure_comparison_v1	SEQUENCE_FAVORED	46	V4H__PLDNANO_VHH_00531__B_LOWER__H3__B01__M02	6c5633dbe77d803d5924544686379d4d31e1f8cb0e77c18682b6eee4b7243929	C0360	B_LOWER	H3	0.580381341646	0.558356785515	223	641	-418	Label-free comparison of frozen OPEN_TRAIN sequence and monomer-structure surrogates for computational docking geometry R_dual_min; no V4-H docking result, pose, geometry label, binding, affinity, or experimental blocking truth.
phase2_v4_h_research1320_sequence_structure_comparison_v1	SEQUENCE_FAVORED	47	V4H__PLDNANO_VHH_00531__C_CROSS__H1H3__B08__M01	1c69153a79655bee643c5d9afe75f48987a4bde4c78111500913d7e7e8656b46	C0360	C_CROSS	H1H3	0.584239783927	0.561266996903	183	601	-418	Label-free comparison of frozen OPEN_TRAIN sequence and monomer-structure surrogates for computational docking geometry R_dual_min; no V4-H docking result, pose, geometry label, binding, affinity, or experimental blocking truth.
phase2_v4_h_research1320_sequence_structure_comparison_v1	SEQUENCE_FAVORED	48	V4H__PLDNANO_VHH_00531__C_CROSS__H3__B01__M02	783f11bd990afef9d15db90e920f463cc0bae64d761e8092b0d04f4b3765c982	C0360	C_CROSS	H3	0.579832611213	0.55798275731	229	646	-417	Label-free comparison of frozen OPEN_TRAIN sequence and monomer-structure surrogates for computational docking geometry R_dual_min; no V4-H docking result, pose, geometry label, binding, affinity, or experimental blocking truth.
phase2_v4_h_research1320_sequence_structure_comparison_v1	SEQUENCE_FAVORED	49	V4H__PLDNANO_VHH_00531__C_CROSS__H3__B08__M00	3aadbe6896f86ac09b159895ae15381fd01eddbeebefdc94c0cb0aa59b4620b1	C0360	C_CROSS	H3	0.577604870163	0.556938344588	254	671	-417	Label-free comparison of frozen OPEN_TRAIN sequence and monomer-structure surrogates for computational docking geometry R_dual_min; no V4-H docking result, pose, geometry label, binding, affinity, or experimental blocking truth.
phase2_v4_h_research1320_sequence_structure_comparison_v1	SEQUENCE_FAVORED	50	V4H__PLDNANO_VHH_00207__C_CROSS__H1H3__B03__M01	d9c0f9095c2a0fde14cd473e6fb725f0b413406b9cbc600600c46dc90b42d120	C0145	C_CROSS	H1H3	0.56000282355	0.53571113795	521	935	-414	Label-free comparison of frozen OPEN_TRAIN sequence and monomer-structure surrogates for computational docking geometry R_dual_min; no V4-H docking result, pose, geometry label, binding, affinity, or experimental blocking truth.
