system_id	pair_id	pair_role	source_job_id	md_seed	gpu	nvt_ps	npt_ps	production_ns	force_field	water_model	salt_molar
P30_W100A_positive	P30_W100A	positive	CONTROL_CTRL_PATENT_003_case02_pos_03_PVRIG-30_8x6b_s917_456e622da1b3	917	0	100	100	2	CHARMM36m_feb2026	TIP3P	0.15
P30_W100A_destructive	P30_W100A	destructive	CONTROL_CTRL_MUTANT_009_mut_09_PVRIG-30_cdr3_arom_W100A_8x6b_s917_022e932f20d4	917	1	100	100	2	CHARMM36m_feb2026	TIP3P	0.15
P38_F100A_positive	P38_F100A	positive	CONTROL_CTRL_PATENT_004_case02_pos_04_PVRIG-38_8x6b_s917_4ff6aad086d0	917	2	100	100	2	CHARMM36m_feb2026	TIP3P	0.15
P38_F100A_destructive	P38_F100A	destructive	CONTROL_CTRL_MUTANT_014_mut_14_PVRIG-38_cdr3_arom_F100A_8x6b_s917_589a0d7d2465	917	4	100	100	2	CHARMM36m_feb2026	TIP3P	0.15
P39_F99A_positive	P39_F99A	positive	CONTROL_CTRL_PATENT_005_case02_pos_05_PVRIG-39_8x6b_s917_f10f6a720fbb	917	5	100	100	2	CHARMM36m_feb2026	TIP3P	0.15
P39_F99A_destructive	P39_F99A	destructive	CONTROL_CTRL_MUTANT_019_mut_19_PVRIG-39_cdr3_arom_F99A_8x6b_s917_134a99667182	917	6	100	100	2	CHARMM36m_feb2026	TIP3P	0.15
P30_W100A_positive	P30_W100A	positive	CONTROL_CTRL_PATENT_003_case02_pos_03_PVRIG-30_8x6b_s917_456e622da1b3	1931	7	100	100	2	CHARMM36m_feb2026	TIP3P	0.15
P30_W100A_destructive	P30_W100A	destructive	CONTROL_CTRL_MUTANT_009_mut_09_PVRIG-30_cdr3_arom_W100A_8x6b_s917_022e932f20d4	1931	0	100	100	2	CHARMM36m_feb2026	TIP3P	0.15
P38_F100A_positive	P38_F100A	positive	CONTROL_CTRL_PATENT_004_case02_pos_04_PVRIG-38_8x6b_s917_4ff6aad086d0	1931	1	100	100	2	CHARMM36m_feb2026	TIP3P	0.15
P38_F100A_destructive	P38_F100A	destructive	CONTROL_CTRL_MUTANT_014_mut_14_PVRIG-38_cdr3_arom_F100A_8x6b_s917_589a0d7d2465	1931	2	100	100	2	CHARMM36m_feb2026	TIP3P	0.15
P39_F99A_positive	P39_F99A	positive	CONTROL_CTRL_PATENT_005_case02_pos_05_PVRIG-39_8x6b_s917_f10f6a720fbb	1931	4	100	100	2	CHARMM36m_feb2026	TIP3P	0.15
P39_F99A_destructive	P39_F99A	destructive	CONTROL_CTRL_MUTANT_019_mut_19_PVRIG-39_cdr3_arom_F99A_8x6b_s917_134a99667182	1931	5	100	100	2	CHARMM36m_feb2026	TIP3P	0.15
P30_W100A_positive	P30_W100A	positive	CONTROL_CTRL_PATENT_003_case02_pos_03_PVRIG-30_8x6b_s917_456e622da1b3	3253	6	100	100	2	CHARMM36m_feb2026	TIP3P	0.15
P30_W100A_destructive	P30_W100A	destructive	CONTROL_CTRL_MUTANT_009_mut_09_PVRIG-30_cdr3_arom_W100A_8x6b_s917_022e932f20d4	3253	7	100	100	2	CHARMM36m_feb2026	TIP3P	0.15
P38_F100A_positive	P38_F100A	positive	CONTROL_CTRL_PATENT_004_case02_pos_04_PVRIG-38_8x6b_s917_4ff6aad086d0	3253	0	100	100	2	CHARMM36m_feb2026	TIP3P	0.15
P38_F100A_destructive	P38_F100A	destructive	CONTROL_CTRL_MUTANT_014_mut_14_PVRIG-38_cdr3_arom_F100A_8x6b_s917_589a0d7d2465	3253	1	100	100	2	CHARMM36m_feb2026	TIP3P	0.15
P39_F99A_positive	P39_F99A	positive	CONTROL_CTRL_PATENT_005_case02_pos_05_PVRIG-39_8x6b_s917_f10f6a720fbb	3253	2	100	100	2	CHARMM36m_feb2026	TIP3P	0.15
P39_F99A_destructive	P39_F99A	destructive	CONTROL_CTRL_MUTANT_019_mut_19_PVRIG-39_cdr3_arom_F99A_8x6b_s917_134a99667182	3253	4	100	100	2	CHARMM36m_feb2026	TIP3P	0.15
