task_id	route_id	route_ordinal	generation_seed	implementation_status	target_patch_assignment	patch_conditioned_generation	design_mode	requested_cdr3_length_bin	parent_id	parent_cluster	parent_is_current_v29	parent_sequence	parent_sequence_sha256	parent_cdr1	parent_cdr2	parent_cdr3	parent_cdr3_len	status	generation_batch
P500K__PROFILE_DIVERSIFIED_EXPLORATION_CONTROL__0053714	profile_diversified_exploration_control	53714	2923489554	BXCPU_CPU_VALIDATED_PROFILE_EXPLORATION	B_LOWER	false	H1H2H3	18_22	PLDNANO_VHH_00292	C0198	false	QVQLQESGGGLVQPGDSLRLSCVVSGRTLSYSSLAWFRQAPGKERDFVAALSLTTYYADSVKGRFTISRDNAKNTVYLQMNSLKPDDTADYFCATARTRTDYAPLLSAASTYDAWGQGTQVTVSL	c121a9095d5f87fb55478eee6fab641824dd449b5ffcf3d87fe5f43c1160e025	GRTLSYSS	LSLTT	ATARTRTDYAPLLSAASTYDA	21	PENDING	profile_diversified_exploration_control_v1
P500K__PROFILE_DIVERSIFIED_EXPLORATION_CONTROL__0035542	profile_diversified_exploration_control	35542	1030246271	BXCPU_CPU_VALIDATED_PROFILE_EXPLORATION	A_CENTER	false	H3	10_15	PLDNANO_VHH_00637	C0429	false	QVQLQESGGGLVQAGGSLRLSCAASGSTGSISAMGWYRQAPGKQRELVASITRRGSTNYADSVKDRFTISRDNAWNTVYLQMNSLKPEDTAVYYCNARRYYTRNDYWGQGTQVTVSS	3995ba02fd705658df55bb86ef9df91ebe62a2a90fe8a3f91053b292ac99b743	GSTGSISA	ITRRGST	NARRYYTRNDY	11	PENDING	profile_diversified_exploration_control_v1
P500K__PROFILE_DIVERSIFIED_EXPLORATION_CONTROL__0003493	profile_diversified_exploration_control	3493	1976404351	BXCPU_CPU_VALIDATED_PROFILE_EXPLORATION	C_CROSS	false	H3	18_22	PLDNANO_VHH_00935	C0542	false	LQESGGGLVQAGGSLRLSCATSGRTWNPSAMGWFRQAPGKGREFVAAVSRGGGSVYYADSVKGRFTISREVDKNAVYLQMNSLKSEDTAVYYCAAQSPGMSGTYSRSDVYPYWGQGTQVT	8039f3108933d986892520a0ea3e2c2f27fff82668e54652571272b19e04c349	GRTWNPSA	VSRGGGSV	AAQSPGMSGTYSRSDVYPY	19	PENDING	profile_diversified_exploration_control_v1
P500K__PROFILE_DIVERSIFIED_EXPLORATION_CONTROL__0042336	profile_diversified_exploration_control	42336	640749464	BXCPU_CPU_VALIDATED_PROFILE_EXPLORATION	C_CROSS	false	H1H2H3	18_22	PLDNANO_VHH_00402	C0265	false	QVQLQESGGGSVQSGGSLRLSCVASGYRLNLNCMGWFRQAPGKEREGVATIASDSYGRYADSVRGRFAISQDNAKNTLYLQMNTLNPEDTATYYCAAWRGDCGIPDMLRTDNYRGQGTQVTVSS	d1741c83ea3585a5f5190c8ed6e15abf390b46e483352fc0d8501fed3027fe36	GYRLNLNC	IASDSYG	AAWRGDCGIPDMLRTDNY	18	PENDING	profile_diversified_exploration_control_v1
P500K__PROFILE_DIVERSIFIED_EXPLORATION_CONTROL__0067680	profile_diversified_exploration_control	67680	2096590079	BXCPU_CPU_VALIDATED_PROFILE_EXPLORATION	B_LOWER	false	H3	18_22	PLDNANO_VHH_00143	C0090	true	QLQLVESGGGLVQAGGSLRLSCAASGRTFSSYAMAWFRQGPGKEREFVATISWSGGSTHYADSVKGRFTISRDNAKNTVYLQMNSLKPEDTAVYYCATGERYYQMYGLNPGDYDYWGQGTQVTVSS	20c3fe4a54d077d44a962ec9d6f07f7ed4034277690e95d646dfeb4ed6c2664c	GRTFSSYA	ISWSGGST	ATGERYYQMYGLNPGDYDY	19	PENDING	profile_diversified_exploration_control_v1
P500K__PROFILE_DIVERSIFIED_EXPLORATION_CONTROL__0062603	profile_diversified_exploration_control	62603	588267468	BXCPU_CPU_VALIDATED_PROFILE_EXPLORATION	C_CROSS	false	H3	18_22	PLDNANO_VHH_00423	C0283	true	QVQLQESGGGSVQDGGSLRLSCAASGYAYDTYYMGWFRQAPGKEREWVAGITSLVSGVAYYKYYTDSVKGRFTIFRDDDKNTVDLQMNSLKPEDTAIYYCAASRSGLRARLLRPELYEYWGQGTQVTVSS	a5ffdb0bab1981efc64b49aa955b16cd7fb8cd3878635fe9141637fb7b80f91c	GYAYDTYY	ITSLVSGVAYYK	AASRSGLRARLLRPELYEY	19	PENDING	profile_diversified_exploration_control_v1
P500K__PROFILE_DIVERSIFIED_EXPLORATION_CONTROL__0066799	profile_diversified_exploration_control	66799	133793053	BXCPU_CPU_VALIDATED_PROFILE_EXPLORATION	B_LOWER	false	H1H3	10_15	PLDNANO_VHH_00591	C0399	false	QVQLVESGGGLVQAGGSLRLSCAASGYIFGRNAMGWYRQAPGKERELVAAITRGGSTYYADSVKGRFTISRDNAKNTVYLQMNSLKPEDTAVYYCAADPGDVGSDFDYWGQGTQVTVSS	0ba6a4e1314a1133a9564a3706fd896466bcc77abc67dfa90055833b87f2d1a5	GYIFGRNA	ITRGGST	AADPGDVGSDFDY	13	PENDING	profile_diversified_exploration_control_v1
P500K__PROFILE_DIVERSIFIED_EXPLORATION_CONTROL__0014768	profile_diversified_exploration_control	14768	1818837613	BXCPU_CPU_VALIDATED_PROFILE_EXPLORATION	B_LOWER	false	H3	10_15	PLDNANO_VHH_00384	C0258	true	EVQLVESGGGTVQAGDSLRLSCAASGRSFSSVAMGWFRQAPGKQREFLAGVGYDGSSIRYAESVKGRFTIARGNRESTVFLQMENLKPEDTAVYFCTAEPIGAYEGLWTYWGQGTQVTVSS	34a2e7ce3da699d341c6691c21e5efe8b923681ce18c813acb3960e318d8460e	GRSFSSVA	VGYDGSSI	TAEPIGAYEGLWTY	14	PENDING	profile_diversified_exploration_control_v1
P500K__PROFILE_DIVERSIFIED_EXPLORATION_CONTROL__0021612	profile_diversified_exploration_control	21612	4210661083	BXCPU_CPU_VALIDATED_PROFILE_EXPLORATION	B_LOWER	false	H3	18_22	PLDNANO_VHH_00290	C0196	true	QVQLQESGGGLVQAGGSLRLSCAASGRTLSSYTMAWFRQAPGKEREFVASISSSGISTYYADSVKGRFTISRDIAKNTVYLQMNSLKPEDTAVYYCAAKYRYYSTLYTKSGEYDYWGQGTQVTVSS	b7f508fcea2f7fbd571a10eff1a9d0a48e486e827be0170accadb7efdc83cde3	GRTLSSYT	ISSSGIST	AAKYRYYSTLYTKSGEYDY	19	PENDING	profile_diversified_exploration_control_v1
P500K__PROFILE_DIVERSIFIED_EXPLORATION_CONTROL__0003894	profile_diversified_exploration_control	3894	3946165117	BXCPU_CPU_VALIDATED_PROFILE_EXPLORATION	C_CROSS	false	H3	18_22	PLDNANO_VHH_00209	C0147	true	EVQLVESGGGLVQAGGSLRLSCAASGRALSRSPMAWFRQAPGKEREFVVHWISGSTYYADSVKGRFTTSRDNAENTVYLQMNSLKPEDTAVYYCAAGFAPDTPSIFTSPRTYYYWGQGTQVTVSS	f91d2ed4edf99449eb5e25d9f607960fbba24acd06ffcb48972aae47e0a0a17a	GRALSRSP	VHWISGST	AAGFAPDTPSIFTSPRTYYY	20	PENDING	profile_diversified_exploration_control_v1
P500K__PROFILE_DIVERSIFIED_EXPLORATION_CONTROL__0017401	profile_diversified_exploration_control	17401	3608177405	BXCPU_CPU_VALIDATED_PROFILE_EXPLORATION	B_LOWER	false	H1H3	18_22	PLDNANO_VHH_00892	C0515	false	QVQLVESGGGSVQAGGSLRLSCASSTHTLRSHYMAWFRQVTGKEREGVAYIPGIGSTATDYADSVEGRFIISRDNTENTVYLQMADLKPEDAAMYYCAVRTGFSGSWTRQTDYAYWGQGTQVTVFS	a6a3d70d0f4fcc93a88eee4e06a6a06d7dbebcf2ab801d178e9940d8c5a8d74d	THTLRSHY	IPGIGSTAT	AVRTGFSGSWTRQTDYAY	18	PENDING	profile_diversified_exploration_control_v1
P500K__PROFILE_DIVERSIFIED_EXPLORATION_CONTROL__0068233	profile_diversified_exploration_control	68233	1497171703	BXCPU_CPU_VALIDATED_PROFILE_EXPLORATION	C_CROSS	false	H1H3	16_17	PLDNANO_VHH_00252	C0173	true	EVQLVESGGGLVQAGGSLSLSCAASGRTFSPYTMGWFRQAPGKEREFLAGVTWSGSSTFYGDSVKGRFTASRDSAKNTVTLEMNSLNPEDTAVYYCAAAYGGGLYRDPRSYDYWGRGTQVTVSS	a7dff9330dccd26efa92e56a22f372ec0a1b6eea7d4eff8ff48cf4d4d389b615	GRTFSPYT	VTWSGSST	AAAYGGGLYRDPRSYDY	17	PENDING	profile_diversified_exploration_control_v1
P500K__PROFILE_DIVERSIFIED_EXPLORATION_CONTROL__0025097	profile_diversified_exploration_control	25097	1595805996	BXCPU_CPU_VALIDATED_PROFILE_EXPLORATION	A_CENTER	false	H1H2H3	16_17	PLDNANO_VHH_00464	C0311	true	QVQLQESGGGSVQAGGSLRLACAAPGYTFSDYCMGWFRQAPGKEREEVARISGGKRTYYSDSVRGRFTISRDDYKNTVWLQMDSLKPEDTAIYYCARGGYTTGVCAGGFNDWGQGTQVTVSS	05158b2d8d0c902c174d69c47e100142dff72d614c4bf1b499938e09a37ad86a	GYTFSDYC	ISGGKRT	ARGGYTTGVCAGGFND	16	PENDING	profile_diversified_exploration_control_v1
P500K__PROFILE_DIVERSIFIED_EXPLORATION_CONTROL__0010076	profile_diversified_exploration_control	10076	3594578956	BXCPU_CPU_VALIDATED_PROFILE_EXPLORATION	B_LOWER	false	H1H3	18_22	PLDNANO_VHH_00921	C0533	true	QVQLVESGGGSVQAGGSLRLSCAAPGYTYSYYCMGWFRQPPGKEREGVAAIQNDYGSTYYADSVKGRFTISRDNAKNTVYLEMNNLKPEDTAIYYCAARGTIFYGCGDLRILGYTKWGQGTLVTVSS	dc066e4713f8b5134600c2e967e864b40c16944895ecdb1f2cc041ae18fbc5bc	GYTYSYYC	IQNDYGST	AARGTIFYGCGDLRILGYTK	20	PENDING	profile_diversified_exploration_control_v1
P500K__PROFILE_DIVERSIFIED_EXPLORATION_CONTROL__0019701	profile_diversified_exploration_control	19701	2484500930	BXCPU_CPU_VALIDATED_PROFILE_EXPLORATION	A_CENTER	false	H3	18_22	PLDNANO_VHH_00424	C0284	false	QVQLQESGGGSVQAGGSLRLSCVASGDTYSSACMGWFRQAPGKEREGVATICTSTSMRTRYYADAVKARFTISQDNAKNTVYLQMNSLKPEDIAMYYCATGHTVGSSWRDPGAWRYWGQGTQVTVSS	86779c0c5efcbde74f7ea69e3d99c4de4b1544d88cfbdc4cb315861423406aa4	GDTYSSAC	ICTSTSMRTR	ATGHTVGSSWRDPGAWRY	18	PENDING	profile_diversified_exploration_control_v1
P500K__PROFILE_DIVERSIFIED_EXPLORATION_CONTROL__0044869	profile_diversified_exploration_control	44869	4025691118	BXCPU_CPU_VALIDATED_PROFILE_EXPLORATION	B_LOWER	false	H1H3	18_22	PLDNANO_VHH_00560	C0376	false	QVQLVESGGGLVQAGGSLRLSCAASILTYDLDYYYIGWVRQAPGKEREGVSCISSTDGATYYADSVKGRFTISRNNAKNTVYLQMNNLKPEDTAIYYCAAAPLAGRYCPASHEYGYWGQGTQVTVSS	77bf18ac6c7a4ac67676647e5861e1489e24196029142b25378e73c6fb6ceb6f	ILTYDLDYYY	ISSTDGAT	AAAPLAGRYCPASHEYGY	18	PENDING	profile_diversified_exploration_control_v1
P500K__PROFILE_DIVERSIFIED_EXPLORATION_CONTROL__0035561	profile_diversified_exploration_control	35561	3127183889	BXCPU_CPU_VALIDATED_PROFILE_EXPLORATION	A_CENTER	false	H1H3	16_17	PLDNANO_VHH_00211	C0148	false	EVQLVESGGGLVQAGGSLRLACAASGRTFSNYRMGWFRQAPGQEREFVAAISGSGSFTYYADSVKGRSTISRDNAKNTVYLQMNSLKPEDTAVYYCGAGVHLGAATSYTRYDFWGQGTQVTVSS	3cb053b8587a7e9d883cd0a7d85b24929c580ac0a326146ae39a57e94992fd7c	GRTFSNYR	ISGSGSFT	GAGVHLGAATSYTRYDF	17	PENDING	profile_diversified_exploration_control_v1
P500K__PROFILE_DIVERSIFIED_EXPLORATION_CONTROL__0032749	profile_diversified_exploration_control	32749	182869054	BXCPU_CPU_VALIDATED_PROFILE_EXPLORATION	B_LOWER	false	H1H3	16_17	PLDNANO_VHH_00118	C0078	false	QLQLVESGGGLVQIGGSLRLSCAASGSDFSIYHMGWYRQAPGKQRELVAAITSGGSTNYADSVKGRFTISSDNAKNTVYLQMNSLKPEDTAVYYCNADGVPEYSDYASGPVYWGQGTQVTVSS	29e78c7275a883f742ff730f66c657a181f9553d0f039905f154cf257a647e28	GSDFSIYH	ITSGGST	NADGVPEYSDYASGPVY	17	PENDING	profile_diversified_exploration_control_v1
P500K__PROFILE_DIVERSIFIED_EXPLORATION_CONTROL__0054007	profile_diversified_exploration_control	54007	2856462509	BXCPU_CPU_VALIDATED_PROFILE_EXPLORATION	B_LOWER	false	H3	18_22	PLDNANO_VHH_00599	C0404	false	HVQLVESGGGSVQAGGSLSLSCATRGYTRRSGCLAWFRQVPGKEREMVAQIQDDGAKHYDSTAEGRFTISKDAAKDTLDLRMTSLKPEDSGMYYCAVDGPVAFCSDYPSDFRGWGQGTQVTVS	1cf54e4cc782803e08aaf1297dd2f143ae8558a3dcdf26f12f86fd6e9c7f6320	GYTRRSGC	IQDDGAK	AVDGPVAFCSDYPSDFRG	18	PENDING	profile_diversified_exploration_control_v1
P500K__PROFILE_DIVERSIFIED_EXPLORATION_CONTROL__0004010	profile_diversified_exploration_control	4010	850003931	BXCPU_CPU_VALIDATED_PROFILE_EXPLORATION	C_CROSS	false	H1H3	18_22	PLDNANO_VHH_00169	C0114	true	EVQLVESGGGLVQAGGSLRLSCAASGRTFSSYIMAWFRQAPGKERDVVATVSWGGETTYYADSVKGRFTISRDNAKNTVYLQMNSLKPEDTAVYYCAASHARGYWHTPFTVADVGSWGQGTLVTVSS	76fb1af9debba1ae48ebba3d060aeba509dbe3a622c51950dea44c26c14d0c0e	GRTFSSYI	VSWGGETT	AASHARGYWHTPFTVADVGS	20	PENDING	profile_diversified_exploration_control_v1
P500K__PROFILE_DIVERSIFIED_EXPLORATION_CONTROL__0008436	profile_diversified_exploration_control	8436	2722227704	BXCPU_CPU_VALIDATED_PROFILE_EXPLORATION	A_CENTER	false	H3	18_22	PLDNANO_VHH_00402	C0265	false	QVQLQESGGGSVQSGGSLRLSCVASGYRLNLNCMGWFRQAPGKEREGVATIASDSYGRYADSVRGRFAISQDNAKNTLYLQMNTLNPEDTATYYCAAWRGDCGIPDMLRTDNYRGQGTQVTVSS	d1741c83ea3585a5f5190c8ed6e15abf390b46e483352fc0d8501fed3027fe36	GYRLNLNC	IASDSYG	AAWRGDCGIPDMLRTDNY	18	PENDING	profile_diversified_exploration_control_v1
P500K__PROFILE_DIVERSIFIED_EXPLORATION_CONTROL__0060473	profile_diversified_exploration_control	60473	3205626893	BXCPU_CPU_VALIDATED_PROFILE_EXPLORATION	A_CENTER	false	H1H2H3	18_22	PLDNANO_VHH_00326	C0223	false	DVQLQASGGGLVQAGGSLRLSCAASGRTFSSDAMGWFRQAPGKEREFVAAISWSGGSTYYADSVKGRFTISRDNAKNTVYLQMNSLKPEDTAVYYCAHDRRRYYSGSYPPSEYDYWGQGTQVTVSS	923a4788f9e476af78229aea2aaaeacbbe205d1ab90fea36833afd4c5f36c7b4	GRTFSSDA	ISWSGGST	AHDRRRYYSGSYPPSEYDY	19	PENDING	profile_diversified_exploration_control_v1
P500K__PROFILE_DIVERSIFIED_EXPLORATION_CONTROL__0026790	profile_diversified_exploration_control	26790	3541750115	BXCPU_CPU_VALIDATED_PROFILE_EXPLORATION	C_CROSS	false	H1H2H3	18_22	PLDNANO_VHH_00471	C0316	false	DVQLEESGGGSVQAGGSLRLSCAASGYIYSTYCMGWFRQAPGKEREGVAAINDVGGSVYYADSVKGRFTISQDIAQDTMYLQMNDLTPENTVTYTCAALRCLSDSDPDTRVHMYYDWGQGTQVTVSS	46e2a8613a4fc0d9e1ec759c06a58514df8d14e643445d5a35b05eae81cbfa0a	GYIYSTYC	INDVGGSV	AALRCLSDSDPDTRVHMYYD	20	PENDING	profile_diversified_exploration_control_v1
P500K__PROFILE_DIVERSIFIED_EXPLORATION_CONTROL__0030828	profile_diversified_exploration_control	30828	2513948578	BXCPU_CPU_VALIDATED_PROFILE_EXPLORATION	B_LOWER	false	H1H3	18_22	PLDNANO_VHH_00467	C0313	false	DVQLVESGGGSVQAGGSLRLSCAGSGYMYSSKAMGWFRQAPGKEREGVAIIYTDGYSPYYADSVKGRFTISQDNAKNTVYLQMNSLKPEDTAMYYCAASKRGPSMGWVPKSASYFGDWGQGTQVTVS	c81fbcd93ae2aba0850b650ea8cf8569d55a934383fa9d1683e791dde758e53c	GYMYSSKA	IYTDGYSP	AASKRGPSMGWVPKSASYFGD	21	PENDING	profile_diversified_exploration_control_v1
P500K__PROFILE_DIVERSIFIED_EXPLORATION_CONTROL__0007687	profile_diversified_exploration_control	7687	1776465220	BXCPU_CPU_VALIDATED_PROFILE_EXPLORATION	C_CROSS	false	H1H3	18_22	PLDNANO_VHH_00107	C0072	true	DVQLQESGGGSVQAGGSLRLSCAASGYTTSRLCMAWFRQFPGKEREGVANVRLGGYKPAYADSVKGRFTLSEDSAKNTVYLEMNSLQPEDTAMYYCAADPGGGGSCPVALVRGDFDYWGQGTQVTVSI	e0e7d57387b51cfac1d8bab43e3e9d6e7277a07ed6d0a2fdbe399fe948f34b9a	GYTTSRLC	VRLGGYKP	AADPGGGGSCPVALVRGDFDY	21	PENDING	profile_diversified_exploration_control_v1
P500K__PROFILE_DIVERSIFIED_EXPLORATION_CONTROL__0064940	profile_diversified_exploration_control	64940	3033984413	BXCPU_CPU_VALIDATED_PROFILE_EXPLORATION	A_CENTER	false	H3	16_17	PLDNANO_VHH_00843	C0484	false	DVQLQESGGGSVQEGGSLRLSCAASEYTAITYCMAWFRQAPGKEREGVAAINRGGGSTYYADSVKGRFTISQDNAKNTVYLLMNSLKPEDTGMYYCAYKQTGDCGIFQFFGNYGQGTQVTVSS	8d10b23aff5e3103daf661bc52dc293f9c1b51a6f8bf60e0bc0ae099137682dd	EYTAITYC	INRGGGST	AYKQTGDCGIFQFFGN	16	PENDING	profile_diversified_exploration_control_v1
P500K__PROFILE_DIVERSIFIED_EXPLORATION_CONTROL__0059353	profile_diversified_exploration_control	59353	771220506	BXCPU_CPU_VALIDATED_PROFILE_EXPLORATION	B_LOWER	false	H3	18_22	PLDNANO_VHH_00076	C0052	true	ELQLVESGGGLVQAGGSLRLSCAASGRTFSSSAVAWFRQAPGKEREFVGAISWRGATTYKADSVKGRFTISKDGAKNTVYLQMNSLKPEDTAVYYCAVDVGNYGSGSEIGHDYGYWGQGTQVTVSS	4faf397ca6a5c358895cb2802c57af4c5bc1d2abe3dc9bfda546ee383972c0f1	GRTFSSSA	ISWRGATT	AVDVGNYGSGSEIGHDYGY	19	PENDING	profile_diversified_exploration_control_v1
P500K__PROFILE_DIVERSIFIED_EXPLORATION_CONTROL__0045365	profile_diversified_exploration_control	45365	1984463445	BXCPU_CPU_VALIDATED_PROFILE_EXPLORATION	B_LOWER	false	H3	18_22	PLDNANO_VHH_00876	C0504	true	QVQLEEAGGGSVQAGGSLRLSCAASGDSGVNYCMGWFRQAPGKEREGLATIVNRGTTNYADSVRGRFTISKVKKQLYLDMVNLKPEDTAMYYCASVHLWDGRAWYCPERTSDFTYWGRGTQVTVSA	47463e2ad3f8dae0fe7a6e217757c7276b05434dd67bf1eca5cebc423e32fc69	GDSGVNYC	IVNRGTT	ASVHLWDGRAWYCPERTSDFTY	22	PENDING	profile_diversified_exploration_control_v1
P500K__PROFILE_DIVERSIFIED_EXPLORATION_CONTROL__0063810	profile_diversified_exploration_control	63810	2160072050	BXCPU_CPU_VALIDATED_PROFILE_EXPLORATION	B_LOWER	false	H1H3	18_22	PLDNANO_VHH_00362	C0245	false	DVQLQASGGGLVQAGGSLRLSCAASGPIYESYGMAWFRQGPGQGREFVAAIHLSSSTTYYGDSVKGRFTISRDNAQNMVYLQMNSLKPEDTAIYFCAIGNLRIAVPPTSVGYDYWGQGTQVTVTV	a9e2e4d5de5eb4b03e7f48be1b2cde074ef5052f3d60652cc715c33690eb5eb0	GPIYESYG	IHLSSSTT	AIGNLRIAVPPTSVGYDY	18	PENDING	profile_diversified_exploration_control_v1
P500K__PROFILE_DIVERSIFIED_EXPLORATION_CONTROL__0055087	profile_diversified_exploration_control	55087	842138572	BXCPU_CPU_VALIDATED_PROFILE_EXPLORATION	C_CROSS	false	H1H3	16_17	PLDNANO_VHH_00460	C0308	false	QVQLQESGGGSVQAGGSLRLSCVASGLTFSIYRMYWYRQAPGKACELVSLIIPDGTTTYADSVKGRFTISRDDAKNTVYLQMNSLEPEDTAVYYCAASTAGNWPRACTDFVYQGQGTQVTVSS	b0f376359675b64589040f3ca4701090d60d6ce51232cad26afb7235c55dd9da	GLTFSIYR	IIPDGTT	AASTAGNWPRACTDFVY	17	PENDING	profile_diversified_exploration_control_v1
P500K__PROFILE_DIVERSIFIED_EXPLORATION_CONTROL__0004369	profile_diversified_exploration_control	4369	1934253573	BXCPU_CPU_VALIDATED_PROFILE_EXPLORATION	C_CROSS	false	H1H3	18_22	PLDNANO_VHH_00168	C0113	true	EVQLVESGGGLVQAGGSLRLSCAASGDTFSTYGMGWFRQAPGKEREIVARITWNRRTYYADSVKGRFTISRDNAKNAAYLEMNSLKPEDTAVYMCAAVRGDNLFHTRPRDYDYWGQGTLVTVSS	672fb5e3816b9a3b3f9e0f74bab47c0d221240e3993b2980606666eef97a0749	GDTFSTYG	ITWNRRT	AAVRGDNLFHTRPRDYDY	18	PENDING	profile_diversified_exploration_control_v1
P500K__PROFILE_DIVERSIFIED_EXPLORATION_CONTROL__0064344	profile_diversified_exploration_control	64344	3911635315	BXCPU_CPU_VALIDATED_PROFILE_EXPLORATION	C_CROSS	false	H1H3	18_22	PLDNANO_VHH_00633	C0425	false	QVQLQESGGGLVQAGGSLRLSCAASGRTGSRYAMGWFRQAPGKEREFVAAISWSGGSTYYADSVKDRFTISRDNAKNTVYLQMHSLKPEDTAVYYCATRNRAGPHYSRGYTAGQEYDYWGQGTQVTVSS	91c975da3e17364dd5fde71ae70d171d1d7aeaedecf2d83e924365fe454dbd49	GRTGSRYA	ISWSGGST	ATRNRAGPHYSRGYTAGQEYDY	22	PENDING	profile_diversified_exploration_control_v1
P500K__PROFILE_DIVERSIFIED_EXPLORATION_CONTROL__0067773	profile_diversified_exploration_control	67773	203702195	BXCPU_CPU_VALIDATED_PROFILE_EXPLORATION	A_CENTER	false	H1H3	16_17	PLDNANO_VHH_00464	C0311	true	QVQLQESGGGSVQAGGSLRLACAAPGYTFSDYCMGWFRQAPGKEREEVARISGGKRTYYSDSVRGRFTISRDDYKNTVWLQMDSLKPEDTAIYYCARGGYTTGVCAGGFNDWGQGTQVTVSS	05158b2d8d0c902c174d69c47e100142dff72d614c4bf1b499938e09a37ad86a	GYTFSDYC	ISGGKRT	ARGGYTTGVCAGGFND	16	PENDING	profile_diversified_exploration_control_v1
P500K__PROFILE_DIVERSIFIED_EXPLORATION_CONTROL__0031682	profile_diversified_exploration_control	31682	3995660905	BXCPU_CPU_VALIDATED_PROFILE_EXPLORATION	B_LOWER	false	H3	10_15	PLDNANO_VHH_00449	C0299	true	QVQLVESGGGLVQTGGSQRLSCVASGSIFGFFFMAWYRQAPGKQRELVASITGDSDTNYVDSVKGRFTISRDNGVNTVSLQMNGLKPEDTAVYYCNAKSRIPRTQEYWGQGTQVTVSS	0fb5df4ae3e7b78cb65f139895e7ec638db0b9cc14f7b3f463cd2d5893ad08e2	GSIFGFFF	ITGDSDT	NAKSRIPRTQEY	12	PENDING	profile_diversified_exploration_control_v1
P500K__PROFILE_DIVERSIFIED_EXPLORATION_CONTROL__0060648	profile_diversified_exploration_control	60648	1880739851	BXCPU_CPU_VALIDATED_PROFILE_EXPLORATION	C_CROSS	false	H3	16_17	PLDNANO_VHH_00205	C0144	true	QVQLQESGGGLVQAGGSLRLSCVASGGTFSGYAMAWFRQRPGKVREFVATISRSAASTDYADSVKGRFTISRDNAKNTVYLQMNSLKPEDTAVYYCAAKLGVTSFYRSTYSYWGQGIQVTVSS	f6468c1126a2fa1972a454fa0e58a67c00293dcb240c4c6d950948f1c9380cce	GGTFSGYA	ISRSAAST	AAKLGVTSFYRSTYSY	16	PENDING	profile_diversified_exploration_control_v1
P500K__PROFILE_DIVERSIFIED_EXPLORATION_CONTROL__0034218	profile_diversified_exploration_control	34218	872937470	BXCPU_CPU_VALIDATED_PROFILE_EXPLORATION	C_CROSS	false	H3	18_22	PLDNANO_VHH_00536	C0362	false	QVQLVESGGGSVQAGGSLRLSCTASGGSEYSYSTFSLGWFRQAPGQEREAVAAIASMGGLTYYADSVKGRFTISRDNAKNTVTLQMNNLKPEDTAIYYCAARNAGGRFRPSAAGGYNYWGQGTLVTVSS	bbdda88b626d6a7e02c54fc373f77854419ca9928b1ba24f93cb288ccba641fb	GGSEYSYSTFS	IASMGGLT	AARNAGGRFRPSAAGGYNY	19	PENDING	profile_diversified_exploration_control_v1
P500K__PROFILE_DIVERSIFIED_EXPLORATION_CONTROL__0063226	profile_diversified_exploration_control	63226	3016409455	BXCPU_CPU_VALIDATED_PROFILE_EXPLORATION	C_CROSS	false	H1H2H3	18_22	PLDNANO_VHH_00512	C0351	false	HVQLVESGGGSVQAGGSLRLSCAASGDGYMRNCMGWFRQAPGKEREGVAIVATGGRSLYYADFMKGRFTISQDNPKNTLYLQMNILEPEDTAMYYCAAETRGDCSGGYLGPDPYNYWGQGTQVTVSS	a2db7219c6c675bef7f32b3174b6413dfd8741b957a43cb551d99ca4b7c27738	GDGYMRNC	VATGGRSL	AAETRGDCSGGYLGPDPYNY	20	PENDING	profile_diversified_exploration_control_v1
P500K__PROFILE_DIVERSIFIED_EXPLORATION_CONTROL__0030460	profile_diversified_exploration_control	30460	4222421392	BXCPU_CPU_VALIDATED_PROFILE_EXPLORATION	C_CROSS	false	H1H3	10_15	PLDNANO_VHH_00170	C0115	true	EVQLVESGGGLVQAGGSLRLSCAASGRTSSIYRMGWFRQAPGKERDIVASIHWSGGRWFYADFVKGRFTISRDNAENTVYLQMSSLKPEDTAVYYCAARTPGTLTYDYWGQGTLVTVSS	34b205c1f32bbece1f70d077ad6f367ff9c26377dde98c73600c65727b8ca71f	GRTSSIYR	IHWSGGRW	AARTPGTLTYDY	12	PENDING	profile_diversified_exploration_control_v1
P500K__PROFILE_DIVERSIFIED_EXPLORATION_CONTROL__0034120	profile_diversified_exploration_control	34120	2414939877	BXCPU_CPU_VALIDATED_PROFILE_EXPLORATION	C_CROSS	false	H3	18_22	PLDNANO_VHH_00720	C0460	false	EVQLVESGGGLVQAGGSLRLSCVASGHTSDTYIMAWFRQAPGKEREFVASILWDGSITYYADSVKDRFTISRDISRKTLYLQMNSLRPEDTATYTCARGIYFSRRYVDPGIYGTWGQGTQVTVSS	f2bd8fbbf0a48bdd21464aba318ae0d7a930f1f9ae15ad1a701262c6aa37ee9e	GHTSDTYI	ILWDGSIT	ARGIYFSRRYVDPGIYGT	18	PENDING	profile_diversified_exploration_control_v1
P500K__PROFILE_DIVERSIFIED_EXPLORATION_CONTROL__0055984	profile_diversified_exploration_control	55984	2751317416	BXCPU_CPU_VALIDATED_PROFILE_EXPLORATION	C_CROSS	false	H1H3	18_22	PLDNANO_VHH_00938	C0545	false	LQQSGGGLVQAGDPLTLSCAASGRTVENYAMGWFRQTPGKEPEFVAAISWWSGSRADYSDSVKGRFTISRDNAKKTLYLQMSSLQPEDTGVYYCAAEPGTYFAGRFESEYDYWGQGTLVT	8609b2a61936bf6864d9e8c42289faa623da4dec1a92eb66499ff478274ecf57	GRTVENYA	ISWWSGSRA	AAEPGTYFAGRFESEYDY	18	PENDING	profile_diversified_exploration_control_v1
P500K__PROFILE_DIVERSIFIED_EXPLORATION_CONTROL__0004907	profile_diversified_exploration_control	4907	2424720758	BXCPU_CPU_VALIDATED_PROFILE_EXPLORATION	B_LOWER	false	H3	18_22	PLDNANO_VHH_00454	C0302	false	DVQLVESGGGSVQTGGSLTLSCAASGSTVTIGSMGWFRQAPGKEREGVALIYTGRGSTNYADSVKGRFTISQGNAKNTVYLQMNSLKPEDTAIYYCAAAPGRPSLKYEMRQVDFRYWGQGTQVTVSS	2c68cbd0029ec1391895896fd7e6ef6bc9dbe80e464e5406ded20ba0481db21f	GSTVTIGS	IYTGRGST	AAAPGRPSLKYEMRQVDFRY	20	PENDING	profile_diversified_exploration_control_v1
P500K__PROFILE_DIVERSIFIED_EXPLORATION_CONTROL__0020982	profile_diversified_exploration_control	20982	492619532	BXCPU_CPU_VALIDATED_PROFILE_EXPLORATION	A_CENTER	false	H1H2H3	18_22	PLDNANO_VHH_00115	C0075	true	QLQLVESGGGLVQPGGSLRLSCTASEFTLDYHSIGWFRQAPGKEREGVSCISYGDGTTFYTDSVKGRFTISRDNAKNTVTLQMNSLKPEDTAVYYCAASPGRLLLFRLCMSEDEYDFWGQGTQVTVSS	a50d369fdfd23012893d913e0de1f7aaf4f7efb718ef7b4ebafc3d5d1319fbf2	EFTLDYHS	ISYGDGTT	AASPGRLLLFRLCMSEDEYDF	21	PENDING	profile_diversified_exploration_control_v1
P500K__PROFILE_DIVERSIFIED_EXPLORATION_CONTROL__0035024	profile_diversified_exploration_control	35024	2468249227	BXCPU_CPU_VALIDATED_PROFILE_EXPLORATION	A_CENTER	false	H3	18_22	PLDNANO_VHH_00424	C0284	false	QVQLQESGGGSVQAGGSLRLSCVASGDTYSSACMGWFRQAPGKEREGVATICTSTSMRTRYYADAVKARFTISQDNAKNTVYLQMNSLKPEDIAMYYCATGHTVGSSWRDPGAWRYWGQGTQVTVSS	86779c0c5efcbde74f7ea69e3d99c4de4b1544d88cfbdc4cb315861423406aa4	GDTYSSAC	ICTSTSMRTR	ATGHTVGSSWRDPGAWRY	18	PENDING	profile_diversified_exploration_control_v1
P500K__PROFILE_DIVERSIFIED_EXPLORATION_CONTROL__0063965	profile_diversified_exploration_control	63965	3025451700	BXCPU_CPU_VALIDATED_PROFILE_EXPLORATION	C_CROSS	false	H1H2H3	18_22	PLDNANO_VHH_00553	C0371	false	SGGGLVQAGNSLRLSCTASGVIFSIYTMGWFRQAPGKEREFVAAIGVADGTALVADSVTGRFTISRDNAKNTVYLHMNSLKPEDTAVYSCAAYLSPRVQSPYITDSRYQLWGQGTQVTVSS	9456c8ce783b422a6da055edde6b08c0e2e7940fb63ac884224e3eedca49c656	GVIFSIYT	IGVADGTA	AAYLSPRVQSPYITDSRYQL	20	PENDING	profile_diversified_exploration_control_v1
P500K__PROFILE_DIVERSIFIED_EXPLORATION_CONTROL__0007350	profile_diversified_exploration_control	7350	4107812803	BXCPU_CPU_VALIDATED_PROFILE_EXPLORATION	B_LOWER	false	H1H2H3	18_22	PLDNANO_VHH_00424	C0284	false	QVQLQESGGGSVQAGGSLRLSCVASGDTYSSACMGWFRQAPGKEREGVATICTSTSMRTRYYADAVKARFTISQDNAKNTVYLQMNSLKPEDIAMYYCATGHTVGSSWRDPGAWRYWGQGTQVTVSS	86779c0c5efcbde74f7ea69e3d99c4de4b1544d88cfbdc4cb315861423406aa4	GDTYSSAC	ICTSTSMRTR	ATGHTVGSSWRDPGAWRY	18	PENDING	profile_diversified_exploration_control_v1
P500K__PROFILE_DIVERSIFIED_EXPLORATION_CONTROL__0027011	profile_diversified_exploration_control	27011	2974797546	BXCPU_CPU_VALIDATED_PROFILE_EXPLORATION	B_LOWER	false	H3	18_22	PLDNANO_VHH_00257	C0176	true	AVQLVESGGGLVQAGDSLRLSCVVSGTTFSSAAMGWFRQAPGKEREFVGAIKWSGTSTYYTDSVKGRFTISRDNVKNTVYLQMNNLKPEDTGVYTCAADRDRYRDRMGPMTTTDFRFWGQGTQVTVSS	bcf37fa87550412f8a3bcadc6c202b1787f544960c2e630903d02f53289d57af	GTTFSSAA	IKWSGTST	AADRDRYRDRMGPMTTTDFRF	21	PENDING	profile_diversified_exploration_control_v1
P500K__PROFILE_DIVERSIFIED_EXPLORATION_CONTROL__0068914	profile_diversified_exploration_control	68914	986429124	BXCPU_CPU_VALIDATED_PROFILE_EXPLORATION	C_CROSS	false	H1H2H3	18_22	PLDNANO_VHH_00257	C0176	true	AVQLVESGGGLVQAGDSLRLSCVVSGTTFSSAAMGWFRQAPGKEREFVGAIKWSGTSTYYTDSVKGRFTISRDNVKNTVYLQMNNLKPEDTGVYTCAADRDRYRDRMGPMTTTDFRFWGQGTQVTVSS	bcf37fa87550412f8a3bcadc6c202b1787f544960c2e630903d02f53289d57af	GTTFSSAA	IKWSGTST	AADRDRYRDRMGPMTTTDFRF	21	PENDING	profile_diversified_exploration_control_v1
P500K__PROFILE_DIVERSIFIED_EXPLORATION_CONTROL__0065318	profile_diversified_exploration_control	65318	448551542	BXCPU_CPU_VALIDATED_PROFILE_EXPLORATION	B_LOWER	false	H3	18_22	PLDNANO_VHH_00891	C0514	true	QRQVVESGGGSVQAGETLELSCTGSGFTLDEADMGWYRQIPGHECELVASIGGFGQRYYAESVWGRFTISQDKAKNTVYLEMNSLKPEDTAVYYCSANRGFSRSHLTCPAPGGYWGQGTQVTVST	74db43d9b6b8c3c700453edfebc4089d6b290289aaf67addb30429883c9cecfe	GFTLDEAD	IGGFGQR	SANRGFSRSHLTCPAPGGY	19	PENDING	profile_diversified_exploration_control_v1
P500K__PROFILE_DIVERSIFIED_EXPLORATION_CONTROL__0009998	profile_diversified_exploration_control	9998	1786626407	BXCPU_CPU_VALIDATED_PROFILE_EXPLORATION	B_LOWER	false	H3	16_17	PLDNANO_VHH_00593	C0400	false	QVQLVESGGGLVQAGGSLRLSCAASGRTYTMGWFRQAPGKEREFVAAMRWSDTDYADSLKGRFTISRDNANNAMYLQMNSLGPEDTAVYYCAAGEAWLARSTHHYDYWGQGTQVTVSS	fa2107d78ac53f14c0f91e176931b005a9ff0263b9a0fdfc790f52091d823a59	GRTYT	MRWSDT	AAGEAWLARSTHHYDY	16	PENDING	profile_diversified_exploration_control_v1
P500K__PROFILE_DIVERSIFIED_EXPLORATION_CONTROL__0065775	profile_diversified_exploration_control	65775	58693863	BXCPU_CPU_VALIDATED_PROFILE_EXPLORATION	C_CROSS	false	H3	16_17	PLDNANO_VHH_00160	C0106	true	QVQLQESGGGSVRGSLRLSCVASGYSVSKNSIWFRQAPGEREGVAGINHGGTNLKGRFTISDNAKNTVYLQMNTLPEDTAIYYCAAGSPDPPPLIESVVKYWGQGTQVTVSS	d1294a3d4bf2340d7ed632995dfdd7f0760572c8887e227d76911e0098075c24	GYSVSKN	INHGG	AAGSPDPPPLIESVVKY	17	PENDING	profile_diversified_exploration_control_v1
P500K__PROFILE_DIVERSIFIED_EXPLORATION_CONTROL__0001315	profile_diversified_exploration_control	1315	1027103143	BXCPU_CPU_VALIDATED_PROFILE_EXPLORATION	C_CROSS	false	H1H3	18_22	PLDNANO_VHH_00536	C0362	false	QVQLVESGGGSVQAGGSLRLSCTASGGSEYSYSTFSLGWFRQAPGQEREAVAAIASMGGLTYYADSVKGRFTISRDNAKNTVTLQMNNLKPEDTAIYYCAARNAGGRFRPSAAGGYNYWGQGTLVTVSS	bbdda88b626d6a7e02c54fc373f77854419ca9928b1ba24f93cb288ccba641fb	GGSEYSYSTFS	IASMGGLT	AARNAGGRFRPSAAGGYNY	19	PENDING	profile_diversified_exploration_control_v1
P500K__PROFILE_DIVERSIFIED_EXPLORATION_CONTROL__0008647	profile_diversified_exploration_control	8647	3454397312	BXCPU_CPU_VALIDATED_PROFILE_EXPLORATION	A_CENTER	false	H3	18_22	PLDNANO_VHH_00156	C0102	true	DVQLQESGGGSVQAGGSLRLSCAASEYTSSKYCVGWFRQAPGKEREGVAVFIGGGGATSYADSVKGRFTVSQDNAEGTVYLQMNDLKPEDTAIYYCAAGTRPSIFCYKGDRWYSAWGQGTQVTVSS	1cbc865d5aab4393738ae6d0dc9c39c7413965b584f72529d98db0c5bdfa1ec1	EYTSSKYC	FIGGGGAT	AAGTRPSIFCYKGDRWYSA	19	PENDING	profile_diversified_exploration_control_v1
P500K__PROFILE_DIVERSIFIED_EXPLORATION_CONTROL__0011061	profile_diversified_exploration_control	11061	1865518395	BXCPU_CPU_VALIDATED_PROFILE_EXPLORATION	A_CENTER	false	H1H3	18_22	PLDNANO_VHH_00874	C0502	true	QVQLEESGGGSAQPGGFLRLRCTARTDTGSNLRMGWFRQAPGKEREGVGITYDFDGYTYYSFNSESLKDRFSITQDNVNAISLNMKNLQPEDTAMYYCAATPAPRIPGTITPDSRHYFPYWGQGTQVTVSS	def5e532084eeb216bfae2b894e74d10007de2c70e0e81ebd788ac86dc1546f9	TDTGSNLR	ITYDFDGYT	AATPAPRIPGTITPDSRHYFPY	22	PENDING	profile_diversified_exploration_control_v1
P500K__PROFILE_DIVERSIFIED_EXPLORATION_CONTROL__0059350	profile_diversified_exploration_control	59350	3633395408	BXCPU_CPU_VALIDATED_PROFILE_EXPLORATION	B_LOWER	false	H3	18_22	PLDNANO_VHH_00067	C0045	false	QLQVVESGGGLVQPGGSLRLSCAASGFTLDHYAIAWFRQAAGKEREGVLCISASGGPTNYADSVKGRFTISRDNAKNTVYLQMNSLKPEDTAVYYCAAVRHNVQAMCADPPDPFSSWGQGTQVTVSS	39527c66f2995aa0092d3c215987b14ea8c657a9770b0789ab485276809447db	GFTLDHYA	ISASGGPT	AAVRHNVQAMCADPPDPFSS	20	PENDING	profile_diversified_exploration_control_v1
P500K__PROFILE_DIVERSIFIED_EXPLORATION_CONTROL__0023621	profile_diversified_exploration_control	23621	704540647	BXCPU_CPU_VALIDATED_PROFILE_EXPLORATION	C_CROSS	false	H3	18_22	PLDNANO_VHH_00074	C0051	false	ELQLVESGGGSVHVGGSLRLSCVAPSFALDPYAVAWFRQAPGEEREGVSCISPSGRTTNYADSVKGRFTISRDNAKDTVYLQMDSLRPEDTAVYFCAGSRPSAHYCSHYPTEYDDWGQGTQVTVSS	4c6e7d522025386f5405b13cf6e75eb8c05c11d9e8fda2d476a12c72e84f4d13	SFALDPYA	ISPSGRTT	AGSRPSAHYCSHYPTEYDD	19	PENDING	profile_diversified_exploration_control_v1
P500K__PROFILE_DIVERSIFIED_EXPLORATION_CONTROL__0067136	profile_diversified_exploration_control	67136	1124765608	BXCPU_CPU_VALIDATED_PROFILE_EXPLORATION	C_CROSS	false	H3	18_22	PLDNANO_VHH_00156	C0102	true	DVQLQESGGGSVQAGGSLRLSCAASEYTSSKYCVGWFRQAPGKEREGVAVFIGGGGATSYADSVKGRFTVSQDNAEGTVYLQMNDLKPEDTAIYYCAAGTRPSIFCYKGDRWYSAWGQGTQVTVSS	1cbc865d5aab4393738ae6d0dc9c39c7413965b584f72529d98db0c5bdfa1ec1	EYTSSKYC	FIGGGGAT	AAGTRPSIFCYKGDRWYSA	19	PENDING	profile_diversified_exploration_control_v1
P500K__PROFILE_DIVERSIFIED_EXPLORATION_CONTROL__0025688	profile_diversified_exploration_control	25688	923856185	BXCPU_CPU_VALIDATED_PROFILE_EXPLORATION	A_CENTER	false	H3	18_22	PLDNANO_VHH_00932	C0539	false	LQQSGGGLVQAGDSLRLSCAASGRTFTLEAMGWFRQAPGKEREFVAAIDWRSGSKMDYADSVKGRFTISRDIAKNTVYLQMNSLKPEDTAVYYCAADRDTLRISGAGGAMDYWGQGTLVT	a2846c248e554a2d24f19d65abe4fc59ae9f2d9b9a5719d2dd18a4cc8016071a	GRTFTLEA	IDWRSGSKM	AADRDTLRISGAGGAMDY	18	PENDING	profile_diversified_exploration_control_v1
P500K__PROFILE_DIVERSIFIED_EXPLORATION_CONTROL__0003644	profile_diversified_exploration_control	3644	3213073398	BXCPU_CPU_VALIDATED_PROFILE_EXPLORATION	A_CENTER	false	H1H3	18_22	PLDNANO_VHH_00156	C0102	true	DVQLQESGGGSVQAGGSLRLSCAASEYTSSKYCVGWFRQAPGKEREGVAVFIGGGGATSYADSVKGRFTVSQDNAEGTVYLQMNDLKPEDTAIYYCAAGTRPSIFCYKGDRWYSAWGQGTQVTVSS	1cbc865d5aab4393738ae6d0dc9c39c7413965b584f72529d98db0c5bdfa1ec1	EYTSSKYC	FIGGGGAT	AAGTRPSIFCYKGDRWYSA	19	PENDING	profile_diversified_exploration_control_v1
P500K__PROFILE_DIVERSIFIED_EXPLORATION_CONTROL__0026062	profile_diversified_exploration_control	26062	1567850966	BXCPU_CPU_VALIDATED_PROFILE_EXPLORATION	B_LOWER	false	H3	18_22	PLDNANO_VHH_00889	C0513	false	QMQLVESGGGSVQAGGSLRLSCAASGYTISTDCMGWFRQTPGKEREGIATLYTGDGRTYYADSVKGRFTISQDNAKNTMWLEMNSLKPEDTAMYYCAARPKSGARGCADLWDWYTYRGQGTQVTVSS	3db125636cdad72916a5fabb132647761b17f128fd017219446e62d5ecf71ba5	GYTISTDC	LYTGDGRT	AARPKSGARGCADLWDWYTY	20	PENDING	profile_diversified_exploration_control_v1
P500K__PROFILE_DIVERSIFIED_EXPLORATION_CONTROL__0048966	profile_diversified_exploration_control	48966	94190644	BXCPU_CPU_VALIDATED_PROFILE_EXPLORATION	B_LOWER	false	H3	18_22	PLDNANO_VHH_00511	C0350	false	QVQLVESGGGSVQAGGSLRLSCTASGYTYSSNYLGWFRQTPGKEREGVAAIYRGGLRGGGRTYYADSVKGRFTISRDNAENTVYLEMNGLIPEDTAMYYCAASTGRLWAGYDWYRPEPYNFWGQGTQVTVSS	e88a4144c2d6562aeab2f655ac189037f0b4f68bbb3ab346c0d0ab772ceeae88	GYTYSSNY	IYRGGLRGGGRT	AASTGRLWAGYDWYRPEPYNF	21	PENDING	profile_diversified_exploration_control_v1
P500K__PROFILE_DIVERSIFIED_EXPLORATION_CONTROL__0009562	profile_diversified_exploration_control	9562	2831437289	BXCPU_CPU_VALIDATED_PROFILE_EXPLORATION	B_LOWER	false	H1H3	16_17	PLDNANO_VHH_00042	C0030	true	DVQLQASGGGLVQAGGSLRLSCAASGSTISSYAMAWYRQAPGKRRELVAHISSGGSTNYADSVKGRFTISRDNAKNTVYLQMNSLKPEDTAVYYCNIYYGGDYYYTGVKPNPWGQGTQVTVSS	67966d0cc5846651918bb759780fa278599cc8e80cc35141c952f024e1cee1e9	GSTISSYA	ISSGGST	NIYYGGDYYYTGVKPNP	17	PENDING	profile_diversified_exploration_control_v1
P500K__PROFILE_DIVERSIFIED_EXPLORATION_CONTROL__0057631	profile_diversified_exploration_control	57631	1605764202	BXCPU_CPU_VALIDATED_PROFILE_EXPLORATION	B_LOWER	false	H1H3	18_22	PLDNANO_VHH_00471	C0316	false	DVQLEESGGGSVQAGGSLRLSCAASGYIYSTYCMGWFRQAPGKEREGVAAINDVGGSVYYADSVKGRFTISQDIAQDTMYLQMNDLTPENTVTYTCAALRCLSDSDPDTRVHMYYDWGQGTQVTVSS	46e2a8613a4fc0d9e1ec759c06a58514df8d14e643445d5a35b05eae81cbfa0a	GYIYSTYC	INDVGGSV	AALRCLSDSDPDTRVHMYYD	20	PENDING	profile_diversified_exploration_control_v1
P500K__PROFILE_DIVERSIFIED_EXPLORATION_CONTROL__0059025	profile_diversified_exploration_control	59025	1631913920	BXCPU_CPU_VALIDATED_PROFILE_EXPLORATION	C_CROSS	false	H3	10_15	PLDNANO_VHH_00692	C0448	true	EVQLVESGGDLVQTGGSLRLSCAASGITVSDRAMGWYRQAPGKQREMVAGVSRGGMTSYADSVKGRLTISRDNAKNSVYLQMNSLNPEDTAVYYCSAYYRYGSSVPQYWGQGTQVTVSS	469500758f1e0a0268c4d2e85033b43d83588ccf839302e1711d8428b6494fe9	GITVSDRA	VSRGGMT	SAYYRYGSSVPQY	13	PENDING	profile_diversified_exploration_control_v1
P500K__PROFILE_DIVERSIFIED_EXPLORATION_CONTROL__0002207	profile_diversified_exploration_control	2207	3207433098	BXCPU_CPU_VALIDATED_PROFILE_EXPLORATION	A_CENTER	false	H3	18_22	PLDNANO_VHH_00067	C0045	false	QLQVVESGGGLVQPGGSLRLSCAASGFTLDHYAIAWFRQAAGKEREGVLCISASGGPTNYADSVKGRFTISRDNAKNTVYLQMNSLKPEDTAVYYCAAVRHNVQAMCADPPDPFSSWGQGTQVTVSS	39527c66f2995aa0092d3c215987b14ea8c657a9770b0789ab485276809447db	GFTLDHYA	ISASGGPT	AAVRHNVQAMCADPPDPFSS	20	PENDING	profile_diversified_exploration_control_v1
P500K__PROFILE_DIVERSIFIED_EXPLORATION_CONTROL__0060781	profile_diversified_exploration_control	60781	892261133	BXCPU_CPU_VALIDATED_PROFILE_EXPLORATION	C_CROSS	false	H1H2H3	18_22	PLDNANO_VHH_00630	C0423	false	QVQLQESGGGVVQAGDSLRLSCAASGRTFGGYTVAWFRQAPGKEREFVARISWSGIMAYYAESVKGRFTISRDNAKNTVYLQMNSLKPEDTAVYYCASRSQIRSPWSSLDDYDRWGQGTQVTVSS	4bbbdabe662bece4f09d6241c9e20e43adeb4cd47ee0011b91075540ee6136c5	GRTFGGYT	ISWSGIMA	ASRSQIRSPWSSLDDYDR	18	PENDING	profile_diversified_exploration_control_v1
P500K__PROFILE_DIVERSIFIED_EXPLORATION_CONTROL__0006888	profile_diversified_exploration_control	6888	560058770	BXCPU_CPU_VALIDATED_PROFILE_EXPLORATION	B_LOWER	false	H1H2H3	18_22	PLDNANO_VHH_00874	C0502	true	QVQLEESGGGSAQPGGFLRLRCTARTDTGSNLRMGWFRQAPGKEREGVGITYDFDGYTYYSFNSESLKDRFSITQDNVNAISLNMKNLQPEDTAMYYCAATPAPRIPGTITPDSRHYFPYWGQGTQVTVSS	def5e532084eeb216bfae2b894e74d10007de2c70e0e81ebd788ac86dc1546f9	TDTGSNLR	ITYDFDGYT	AATPAPRIPGTITPDSRHYFPY	22	PENDING	profile_diversified_exploration_control_v1
P500K__PROFILE_DIVERSIFIED_EXPLORATION_CONTROL__0052575	profile_diversified_exploration_control	52575	855123332	BXCPU_CPU_VALIDATED_PROFILE_EXPLORATION	C_CROSS	false	H1H3	18_22	PLDNANO_VHH_00628	C0421	false	QVQLQESGGGLVQAGGSLRLSCATSGGTFSRYAMGWFRQAPGKERELVATIRRSGSSTYYLDSTKGRFTISRDNAKNTVYLQMNSLKLEDTAVYYCAADSSARALVGGPGNRWDYWGQGTQVTVSS	49263eaf6d385d691f18a32200fc026619fe13f5eeb4679a92d0572908f40918	GGTFSRYA	IRRSGSST	AADSSARALVGGPGNRWDY	19	PENDING	profile_diversified_exploration_control_v1
P500K__PROFILE_DIVERSIFIED_EXPLORATION_CONTROL__0008748	profile_diversified_exploration_control	8748	3421904999	BXCPU_CPU_VALIDATED_PROFILE_EXPLORATION	A_CENTER	false	H3	18_22	PLDNANO_VHH_00938	C0545	false	LQQSGGGLVQAGDPLTLSCAASGRTVENYAMGWFRQTPGKEPEFVAAISWWSGSRADYSDSVKGRFTISRDNAKKTLYLQMSSLQPEDTGVYYCAAEPGTYFAGRFESEYDYWGQGTLVT	8609b2a61936bf6864d9e8c42289faa623da4dec1a92eb66499ff478274ecf57	GRTVENYA	ISWWSGSRA	AAEPGTYFAGRFESEYDY	18	PENDING	profile_diversified_exploration_control_v1
P500K__PROFILE_DIVERSIFIED_EXPLORATION_CONTROL__0029282	profile_diversified_exploration_control	29282	1476270558	BXCPU_CPU_VALIDATED_PROFILE_EXPLORATION	A_CENTER	false	H3	18_22	PLDNANO_VHH_00633	C0425	false	QVQLQESGGGLVQAGGSLRLSCAASGRTGSRYAMGWFRQAPGKEREFVAAISWSGGSTYYADSVKDRFTISRDNAKNTVYLQMHSLKPEDTAVYYCATRNRAGPHYSRGYTAGQEYDYWGQGTQVTVSS	91c975da3e17364dd5fde71ae70d171d1d7aeaedecf2d83e924365fe454dbd49	GRTGSRYA	ISWSGGST	ATRNRAGPHYSRGYTAGQEYDY	22	PENDING	profile_diversified_exploration_control_v1
P500K__PROFILE_DIVERSIFIED_EXPLORATION_CONTROL__0045263	profile_diversified_exploration_control	45263	3737581013	BXCPU_CPU_VALIDATED_PROFILE_EXPLORATION	B_LOWER	false	H3	18_22	PLDNANO_VHH_00046	C0032	false	QVQLQQSGGGLVQAGGSLRLSCAASGLAFSSYAITWLRQAPGTEREFVALISGSGSSTYYADSVKGRFTISRNNAKNTVYLQMNSLKPEDTAVYYCTASEFLLHPPPPNQKYDYWGQGTQVTVSS	716d70f4369f1535b07b05b8319e0e25f3dd08f724bbb365ce6a0018aeee3382	GLAFSSYA	ISGSGSST	TASEFLLHPPPPNQKYDY	18	PENDING	profile_diversified_exploration_control_v1
P500K__PROFILE_DIVERSIFIED_EXPLORATION_CONTROL__0038542	profile_diversified_exploration_control	38542	1940213473	BXCPU_CPU_VALIDATED_PROFILE_EXPLORATION	A_CENTER	false	H1H3	10_15	PLDNANO_VHH_00456	C0304	true	QVQLQESGGGSVQVGGSLRLSCVYSGNHDSFQTMGWFRQAPGKEREGVATINYVGLTFVRASVRGRFTISQDDAMKTMYLQMDSLKAEDTGVYYCAAKGVADRDFTNFDYWGQGTQVTVSS	75119b837c948dbb69693f3ee93d63f8f73774f0bfa13ea9684c997bd0a117a5	GNHDSFQT	INYVGLT	AAKGVADRDFTNFDY	15	PENDING	profile_diversified_exploration_control_v1
P500K__PROFILE_DIVERSIFIED_EXPLORATION_CONTROL__0049271	profile_diversified_exploration_control	49271	434078838	BXCPU_CPU_VALIDATED_PROFILE_EXPLORATION	C_CROSS	false	H1H3	18_22	PLDNANO_VHH_00247	C0171	true	DVQLVESGGGWVQPGGSLRLSCAASGPTASSHAIGWFRQAPGKEREFVVGINRGGVTRDYADSVKGRFAVSRDNVKNTVYLQMNRLKPEDSAIYICAARPEYSFTAMSKGDMDYWGKGTLVTVSS	5322ed0e95216fece455ae6e645e786f4a5cf296f39370b9ba76ff3a6bd0f02b	GPTASSHA	INRGGVTR	AARPEYSFTAMSKGDMDY	18	PENDING	profile_diversified_exploration_control_v1
P500K__PROFILE_DIVERSIFIED_EXPLORATION_CONTROL__0020491	profile_diversified_exploration_control	20491	2845373756	BXCPU_CPU_VALIDATED_PROFILE_EXPLORATION	B_LOWER	false	H1H3	18_22	PLDNANO_VHH_00020	C0019	false	ESGGRLVQAEDSLRLSCAASGRTFVSYDMGWFRQAPGKEREFVAAINWRGYTTDYVDSVKGRFFISRDIAKSTVYLQMNNLKPEDTAVYYCAARQMSGSSRYSPPGRVGYDFWGQGTQVTVSS	3c7202df9882ed166e111563cd6c967f514964d6f83255d755932ec38e1e50b7	GRTFVSYD	INWRGYTT	AARQMSGSSRYSPPGRVGYDF	21	PENDING	profile_diversified_exploration_control_v1
P500K__PROFILE_DIVERSIFIED_EXPLORATION_CONTROL__0022772	profile_diversified_exploration_control	22772	4092801620	BXCPU_CPU_VALIDATED_PROFILE_EXPLORATION	B_LOWER	false	H1H3	18_22	PLDNANO_VHH_00143	C0090	true	QLQLVESGGGLVQAGGSLRLSCAASGRTFSSYAMAWFRQGPGKEREFVATISWSGGSTHYADSVKGRFTISRDNAKNTVYLQMNSLKPEDTAVYYCATGERYYQMYGLNPGDYDYWGQGTQVTVSS	20c3fe4a54d077d44a962ec9d6f07f7ed4034277690e95d646dfeb4ed6c2664c	GRTFSSYA	ISWSGGST	ATGERYYQMYGLNPGDYDY	19	PENDING	profile_diversified_exploration_control_v1
P500K__PROFILE_DIVERSIFIED_EXPLORATION_CONTROL__0053700	profile_diversified_exploration_control	53700	1797864490	BXCPU_CPU_VALIDATED_PROFILE_EXPLORATION	B_LOWER	false	H3	18_22	PLDNANO_VHH_00209	C0147	true	EVQLVESGGGLVQAGGSLRLSCAASGRALSRSPMAWFRQAPGKEREFVVHWISGSTYYADSVKGRFTTSRDNAENTVYLQMNSLKPEDTAVYYCAAGFAPDTPSIFTSPRTYYYWGQGTQVTVSS	f91d2ed4edf99449eb5e25d9f607960fbba24acd06ffcb48972aae47e0a0a17a	GRALSRSP	VHWISGST	AAGFAPDTPSIFTSPRTYYY	20	PENDING	profile_diversified_exploration_control_v1
P500K__PROFILE_DIVERSIFIED_EXPLORATION_CONTROL__0034324	profile_diversified_exploration_control	34324	3782363223	BXCPU_CPU_VALIDATED_PROFILE_EXPLORATION	A_CENTER	false	H3	18_22	PLDNANO_VHH_00471	C0316	false	DVQLEESGGGSVQAGGSLRLSCAASGYIYSTYCMGWFRQAPGKEREGVAAINDVGGSVYYADSVKGRFTISQDIAQDTMYLQMNDLTPENTVTYTCAALRCLSDSDPDTRVHMYYDWGQGTQVTVSS	46e2a8613a4fc0d9e1ec759c06a58514df8d14e643445d5a35b05eae81cbfa0a	GYIYSTYC	INDVGGSV	AALRCLSDSDPDTRVHMYYD	20	PENDING	profile_diversified_exploration_control_v1
P500K__PROFILE_DIVERSIFIED_EXPLORATION_CONTROL__0032240	profile_diversified_exploration_control	32240	931618186	BXCPU_CPU_VALIDATED_PROFILE_EXPLORATION	C_CROSS	false	H1H3	16_17	PLDNANO_VHH_00708	C0458	false	EVQLVESGGGLVQAGGSLRLSCVASGLRLNMHRMGWFRQAPGKEREFVARIFTDDGDSYYADSVQGRFTISGDNAKNTVYLQMNSLKPEDTGVYFCAAGYMSGAESPIGYDNWGQGTQVTVSS	d4fd0ea3f2334e3e66f5b4b3c9348994dab67dcd166eaf97a0eacc526eb7f447	GLRLNMHR	IFTDDGDS	AAGYMSGAESPIGYDN	16	PENDING	profile_diversified_exploration_control_v1
P500K__PROFILE_DIVERSIFIED_EXPLORATION_CONTROL__0033808	profile_diversified_exploration_control	33808	1675205377	BXCPU_CPU_VALIDATED_PROFILE_EXPLORATION	A_CENTER	false	H1H2H3	18_22	PLDNANO_VHH_00134	C0084	false	EVQLVESGGGLVQAGGSLRLSCAASGRSFSNYVLGWFRQAPGKEREFVAAISFRGDSAIGAPSVEGRFTISRDNAKNTGYLQMNSLVPDDTAVYYCGAGTPLNPGAYIYDWSYDYWGRGTQVTVSS	7d8c1ba23d489120f1c12ff91e43247f46361a47597bf4397b570c2938d2eec8	GRSFSNYV	ISFRGDSA	GAGTPLNPGAYIYDWSYDY	19	PENDING	profile_diversified_exploration_control_v1
P500K__PROFILE_DIVERSIFIED_EXPLORATION_CONTROL__0045938	profile_diversified_exploration_control	45938	3875623612	BXCPU_CPU_VALIDATED_PROFILE_EXPLORATION	C_CROSS	false	H3	18_22	PLDNANO_VHH_00507	C0347	false	QVQLVESGGGSVQAGGSLRLSCAASGYVYISYCMGWFRQAPGKEREGVAAIYTGGGTTSYADSVKGRFTISQDNAKNTVYLQMNSLKPEDTAMYYCAADCSIATIAPGSPLIEFGFWGQGTLVTVSS	638115c7f860723fec585f4f259e0ac84b1de2056ce027d71d1d2fcfbe7b3750	GYVYISYC	IYTGGGTT	AADCSIATIAPGSPLIEFGF	20	PENDING	profile_diversified_exploration_control_v1
P500K__PROFILE_DIVERSIFIED_EXPLORATION_CONTROL__0022864	profile_diversified_exploration_control	22864	3258859672	BXCPU_CPU_VALIDATED_PROFILE_EXPLORATION	A_CENTER	false	H1H2H3	18_22	PLDNANO_VHH_00871	C0500	false	QEELMESGGGPVQAGESLRLSCSASGFTSSRRCMGWFRQVPGQEREVVAVIFTGDSRTNYIDSVKGRFTITHDNAKDTVYLQMNSLKPEDTAMYFCAAGPRKVGSCDTSFSYKYWGQGTQVTVSS	3233c13c58463780bd3999dfe770ceb049d39d2f587a8c1199aa58a9e189a8bf	GFTSSRRC	IFTGDSRT	AAGPRKVGSCDTSFSYKY	18	PENDING	profile_diversified_exploration_control_v1
P500K__PROFILE_DIVERSIFIED_EXPLORATION_CONTROL__0046692	profile_diversified_exploration_control	46692	1372586293	BXCPU_CPU_VALIDATED_PROFILE_EXPLORATION	C_CROSS	false	H3	18_22	PLDNANO_VHH_00511	C0350	false	QVQLVESGGGSVQAGGSLRLSCTASGYTYSSNYLGWFRQTPGKEREGVAAIYRGGLRGGGRTYYADSVKGRFTISRDNAENTVYLEMNGLIPEDTAMYYCAASTGRLWAGYDWYRPEPYNFWGQGTQVTVSS	e88a4144c2d6562aeab2f655ac189037f0b4f68bbb3ab346c0d0ab772ceeae88	GYTYSSNY	IYRGGLRGGGRT	AASTGRLWAGYDWYRPEPYNF	21	PENDING	profile_diversified_exploration_control_v1
P500K__PROFILE_DIVERSIFIED_EXPLORATION_CONTROL__0012908	profile_diversified_exploration_control	12908	1333761838	BXCPU_CPU_VALIDATED_PROFILE_EXPLORATION	C_CROSS	false	H3	18_22	PLDNANO_VHH_00021	C0020	false	SGGGLVQAGGSLRLACAASGRTLSSYVMGWFRQAPGKEREFVAAISWSGGSTYYADSVKGRFTISRDNAKNTVYLQMNSLKPEDTAVYYCAATLRGSNRYYSGRVYDYWGQGTQVTVSS	a8795d73a31271ed5fb550c58b384ac7a056a448ed9fef2d3b8187a9f956e90d	GRTLSSYV	ISWSGGST	AATLRGSNRYYSGRVYDY	18	PENDING	profile_diversified_exploration_control_v1
P500K__PROFILE_DIVERSIFIED_EXPLORATION_CONTROL__0066247	profile_diversified_exploration_control	66247	1909012015	BXCPU_CPU_VALIDATED_PROFILE_EXPLORATION	C_CROSS	false	H3	18_22	PLDNANO_VHH_00536	C0362	false	QVQLVESGGGSVQAGGSLRLSCTASGGSEYSYSTFSLGWFRQAPGQEREAVAAIASMGGLTYYADSVKGRFTISRDNAKNTVTLQMNNLKPEDTAIYYCAARNAGGRFRPSAAGGYNYWGQGTLVTVSS	bbdda88b626d6a7e02c54fc373f77854419ca9928b1ba24f93cb288ccba641fb	GGSEYSYSTFS	IASMGGLT	AARNAGGRFRPSAAGGYNY	19	PENDING	profile_diversified_exploration_control_v1
P500K__PROFILE_DIVERSIFIED_EXPLORATION_CONTROL__0002170	profile_diversified_exploration_control	2170	1627039788	BXCPU_CPU_VALIDATED_PROFILE_EXPLORATION	B_LOWER	false	H3	18_22	PLDNANO_VHH_00634	C0426	false	QVQLQESGGGLVQAGGSLRLSCAATGRTFSRYTMGWFRQAPGKERDFVAGITWTGGSTDYADSVKGRFTISRDNAKNTVYLQMNSLKPEDTAVYYCAAGNLLRLAGQLRRGYDSWGQGTQVTVSS	35a9eb2e99aaf254970f2af1602762e1005f78b5555b0a554c1bd51df42c69c4	GRTFSRYT	ITWTGGST	AAGNLLRLAGQLRRGYDS	18	PENDING	profile_diversified_exploration_control_v1
P500K__PROFILE_DIVERSIFIED_EXPLORATION_CONTROL__0005139	profile_diversified_exploration_control	5139	3892388029	BXCPU_CPU_VALIDATED_PROFILE_EXPLORATION	B_LOWER	false	H1H3	16_17	PLDNANO_VHH_00280	C0187	false	QVQLQESGGGLVQAGGSLRLSCAASGRTFTVYTTGWFRQAPGKEREFVAAIDWSGSSTYYTDSVKGRFTISRDNTKNTVYLQMNSLKPEDTAVYYCAARDAIVGVTDTSGYRYWGQGTQVTVSS	26ae622c72576e429e5416ca3fe1410a1aa992937bb3d2e707767a300c30bfdb	GRTFTVYT	IDWSGSST	AARDAIVGVTDTSGYRY	17	PENDING	profile_diversified_exploration_control_v1
P500K__PROFILE_DIVERSIFIED_EXPLORATION_CONTROL__0021231	profile_diversified_exploration_control	21231	716052863	BXCPU_CPU_VALIDATED_PROFILE_EXPLORATION	B_LOWER	false	H1H2H3	10_15	PLDNANO_VHH_00927	C0535	false	LQESGGGLVQAGDSLRLSCAASGRTFSNYNMGWFRQAPGKEREFVAVIGWSGWSGGNPYYADSVKGRFTISRDNAKNTVYLQMNSLKPEDTAVYYCAADRSLTRSASSYNYWGQGTQVT	56633659de793a00e9e1b6ba4147622b52c89eb4706e550e5bd077ccba6ab693	GRTFSNYN	IGWSGWSGGNP	AADRSLTRSASSYNY	15	PENDING	profile_diversified_exploration_control_v1
P500K__PROFILE_DIVERSIFIED_EXPLORATION_CONTROL__0052924	profile_diversified_exploration_control	52924	2582090178	BXCPU_CPU_VALIDATED_PROFILE_EXPLORATION	B_LOWER	false	H3	18_22	PLDNANO_VHH_00565	C0379	true	QVQLVETGGGLVQAGGSLGLSCAASGLSFNWYDVGWFRQAPGKEREFVASRSSGGGSTYYGDSVKGRFSISTDNAKNTAYLQMNSLKPEDTAVYYCAADWTGRAGFSVGYYRPDEYDYWGQGTQVTVSE	b2fee4b7118d130971f53fce60659f1c4e6ab524e46342be88dd6755ff963d9c	GLSFNWYD	RSSGGGST	AADWTGRAGFSVGYYRPDEYDY	22	PENDING	profile_diversified_exploration_control_v1
P500K__PROFILE_DIVERSIFIED_EXPLORATION_CONTROL__0032441	profile_diversified_exploration_control	32441	1695301445	BXCPU_CPU_VALIDATED_PROFILE_EXPLORATION	B_LOWER	false	H1H2H3	16_17	PLDNANO_VHH_00696	C0451	false	EVQLVESGGGLVQAGDSLRLSCLASGRSFKDDAMGWFRQAPGKEREFVSGIDWRGNIVDAESVKGRFTISRENAKNTLYLQMNHLKPEDTAVYYCAASSVFSDLRYRKNPKYWGQGTQVTVSS	ae42d59369d6fe6c74c4e523bc92c528354bfb78139b155e591b3315b2a4b188	GRSFKDDA	IDWRGNI	AASSVFSDLRYRKNPKY	17	PENDING	profile_diversified_exploration_control_v1
P500K__PROFILE_DIVERSIFIED_EXPLORATION_CONTROL__0016029	profile_diversified_exploration_control	16029	39252736	BXCPU_CPU_VALIDATED_PROFILE_EXPLORATION	B_LOWER	false	H1H2H3	18_22	PLDNANO_VHH_00932	C0539	false	LQQSGGGLVQAGDSLRLSCAASGRTFTLEAMGWFRQAPGKEREFVAAIDWRSGSKMDYADSVKGRFTISRDIAKNTVYLQMNSLKPEDTAVYYCAADRDTLRISGAGGAMDYWGQGTLVT	a2846c248e554a2d24f19d65abe4fc59ae9f2d9b9a5719d2dd18a4cc8016071a	GRTFTLEA	IDWRSGSKM	AADRDTLRISGAGGAMDY	18	PENDING	profile_diversified_exploration_control_v1
P500K__PROFILE_DIVERSIFIED_EXPLORATION_CONTROL__0017387	profile_diversified_exploration_control	17387	1149573045	BXCPU_CPU_VALIDATED_PROFILE_EXPLORATION	A_CENTER	false	H3	18_22	PLDNANO_VHH_00739	C0469	false	QVQLQESGGGSVQAGGSLRLSCAVSGYSISNYCMGWFRQPPGKEREGVANIDTWGVTSYTDSVKGRFTISKDNAKNTLYLQMNSLKPEDTALYYCARRQFVNCGTLAPVNYVNWGQGTQVTVSS	0aac58d4ddfc2db09405e0a02b07b2bd57732dd5b4f5e3d9ab1c9f5c5bcedb47	GYSISNYC	IDTWGVT	ARRQFVNCGTLAPVNYVN	18	PENDING	profile_diversified_exploration_control_v1
P500K__PROFILE_DIVERSIFIED_EXPLORATION_CONTROL__0042128	profile_diversified_exploration_control	42128	2639266844	BXCPU_CPU_VALIDATED_PROFILE_EXPLORATION	C_CROSS	false	H1H3	10_15	PLDNANO_VHH_00421	C0281	false	QVQLVESGGGSVQAGGSLRLSCVASGYTCYTDDRSWSRQAPGKEREFVSIIVSDGTTTYADSVKGRFTISRDNAKNTVYLQMNSLKPEDTGMYYCKIVCRDRWNVRQTYWGQGTLVTVSS	ef8267c420db826bbcf2fc89ea42c072ff3c497993b305cba6b0b0a2f7b7ae76	GYTCYTDD	IVSDGTT	KIVCRDRWNVRQTY	14	PENDING	profile_diversified_exploration_control_v1
P500K__PROFILE_DIVERSIFIED_EXPLORATION_CONTROL__0008332	profile_diversified_exploration_control	8332	1033044399	BXCPU_CPU_VALIDATED_PROFILE_EXPLORATION	B_LOWER	false	H3	18_22	PLDNANO_VHH_00508	C0348	true	DVQLVESGGGSVQAGGSLRLSCAASGYTYGSNFMGWFRQAPGKEREGVAYIDGDGSTTYAGSVKGRFTISKDNAHNTLYLQMNSLKPDDTAAYYCASTRHDTRATLEDLWYNYWGQGTQVTVSS	4da7072fa10d59061ced8484c3a5174f51b96798da5ae844e77711533a6ce610	GYTYGSNF	IDGDGST	ASTRHDTRATLEDLWYNY	18	PENDING	profile_diversified_exploration_control_v1
P500K__PROFILE_DIVERSIFIED_EXPLORATION_CONTROL__0027961	profile_diversified_exploration_control	27961	3248470356	BXCPU_CPU_VALIDATED_PROFILE_EXPLORATION	C_CROSS	false	H3	18_22	PLDNANO_VHH_00074	C0051	false	ELQLVESGGGSVHVGGSLRLSCVAPSFALDPYAVAWFRQAPGEEREGVSCISPSGRTTNYADSVKGRFTISRDNAKDTVYLQMDSLRPEDTAVYFCAGSRPSAHYCSHYPTEYDDWGQGTQVTVSS	4c6e7d522025386f5405b13cf6e75eb8c05c11d9e8fda2d476a12c72e84f4d13	SFALDPYA	ISPSGRTT	AGSRPSAHYCSHYPTEYDD	19	PENDING	profile_diversified_exploration_control_v1
P500K__PROFILE_DIVERSIFIED_EXPLORATION_CONTROL__0028897	profile_diversified_exploration_control	28897	4192847039	BXCPU_CPU_VALIDATED_PROFILE_EXPLORATION	C_CROSS	false	H1H3	18_22	PLDNANO_VHH_00553	C0371	false	SGGGLVQAGNSLRLSCTASGVIFSIYTMGWFRQAPGKEREFVAAIGVADGTALVADSVTGRFTISRDNAKNTVYLHMNSLKPEDTAVYSCAAYLSPRVQSPYITDSRYQLWGQGTQVTVSS	9456c8ce783b422a6da055edde6b08c0e2e7940fb63ac884224e3eedca49c656	GVIFSIYT	IGVADGTA	AAYLSPRVQSPYITDSRYQL	20	PENDING	profile_diversified_exploration_control_v1
P500K__PROFILE_DIVERSIFIED_EXPLORATION_CONTROL__0016888	profile_diversified_exploration_control	16888	3029516650	BXCPU_CPU_VALIDATED_PROFILE_EXPLORATION	A_CENTER	false	H1H2H3	16_17	PLDNANO_VHH_00906	C0526	false	DVQLQASGGGLVQAGDSLRLSCTASGRSISTYGMGRFRQTPGKEREFVAAISWSGGNEYYADSVKGRFTISRDKSKNIVYLRMNSLKTEDTAVYYCAARAIGNYGSRDEDFGSWGQGIQVTVSS	eeb967d54def8a89b0aeea19f21f7ae783d1c3d6ce602bb9de57615b5a6dbbda	GRSISTYG	ISWSGGNE	AARAIGNYGSRDEDFGS	17	PENDING	profile_diversified_exploration_control_v1
P500K__PROFILE_DIVERSIFIED_EXPLORATION_CONTROL__0029505	profile_diversified_exploration_control	29505	1044963888	BXCPU_CPU_VALIDATED_PROFILE_EXPLORATION	A_CENTER	false	H3	18_22	PLDNANO_VHH_00536	C0362	false	QVQLVESGGGSVQAGGSLRLSCTASGGSEYSYSTFSLGWFRQAPGQEREAVAAIASMGGLTYYADSVKGRFTISRDNAKNTVTLQMNNLKPEDTAIYYCAARNAGGRFRPSAAGGYNYWGQGTLVTVSS	bbdda88b626d6a7e02c54fc373f77854419ca9928b1ba24f93cb288ccba641fb	GGSEYSYSTFS	IASMGGLT	AARNAGGRFRPSAAGGYNY	19	PENDING	profile_diversified_exploration_control_v1
P500K__PROFILE_DIVERSIFIED_EXPLORATION_CONTROL__0016697	profile_diversified_exploration_control	16697	3264397929	BXCPU_CPU_VALIDATED_PROFILE_EXPLORATION	C_CROSS	false	H1H3	16_17	PLDNANO_VHH_00122	C0079	true	QLQLVESGGGLVQPGGSLRLACAASGFNLDDYADIGWFRQAPGKERERVLCITISDGTTYYEDSGKGRFSISTDIAKNTVFLQMDSLKAEDTAVYYCAGDPAPFCLYNTYVPRTWGQGTQVTVSS	1da681de9063c9f2ee11496db181a9be47eda125c057a6b8381fe1d178b34822	GFNLDDYAD	ITISDGTT	AGDPAPFCLYNTYVPRT	17	PENDING	profile_diversified_exploration_control_v1
P500K__PROFILE_DIVERSIFIED_EXPLORATION_CONTROL__0066694	profile_diversified_exploration_control	66694	2768493311	BXCPU_CPU_VALIDATED_PROFILE_EXPLORATION	B_LOWER	false	H1H3	18_22	PLDNANO_VHH_00400	C0263	false	QVQLQESGGGSVQSGGSLRLSCAASAYTYSTYCMGWFRQAPGKEREGVAIIDSDGSTSYADSVKGRFTISQDNAKNTLYLQMNSLKPEDTAMYYCAAESLYSSFRTPLSSCDFDYWGQGTQVTVSS	d1d12e8d02b01a1e3fbecbae1763738bcbc6e884cfe24c612e89bfcf23a88086	AYTYSTYC	IDSDGST	AAESLYSSFRTPLSSCDFDY	20	PENDING	profile_diversified_exploration_control_v1
P500K__PROFILE_DIVERSIFIED_EXPLORATION_CONTROL__0033522	profile_diversified_exploration_control	33522	32280769	BXCPU_CPU_VALIDATED_PROFILE_EXPLORATION	C_CROSS	false	H1H2H3	16_17	PLDNANO_VHH_00007	C0007	true	QVQLQESGGGLVQAGGSLRLSCAASGSIFLESIMGWYRQAPGKEREFVAGISYGGSTYYADSVKGRFTISRDNAKNTVYLQMNSLKPEDTAVYYCAASLLYSSGYDGRFRYWGQGTQVTVSS	7ff61e49c7042a60dba9df9f03bb6bf0bf2331e251b1da180f60ff89523b0d26	GSIFLESI	ISYGGST	AASLLYSSGYDGRFRY	16	PENDING	profile_diversified_exploration_control_v1
P500K__PROFILE_DIVERSIFIED_EXPLORATION_CONTROL__0039757	profile_diversified_exploration_control	39757	4189409479	BXCPU_CPU_VALIDATED_PROFILE_EXPLORATION	B_LOWER	false	H1H2H3	18_22	PLDNANO_VHH_00116	C0076	true	QLQLVESGGGLVEVGESLRLSCVALGFTLDGYAIGWFRQAPGKEREKISCISSTGDSTNYDDSVKGRFTISRDTAKSTVFLQMNNLIPEDTAIYYCGADLLARCGRVWYFPPDLNYRGQGTQVTVSS	7efc2dc1a535e5a95a085c238d9f7faa953a7b587131c75d60acbd9982018be1	GFTLDGYA	ISSTGDST	GADLLARCGRVWYFPPDLNY	20	PENDING	profile_diversified_exploration_control_v1
P500K__PROFILE_DIVERSIFIED_EXPLORATION_CONTROL__0009529	profile_diversified_exploration_control	9529	3312026349	BXCPU_CPU_VALIDATED_PROFILE_EXPLORATION	A_CENTER	false	H1H2H3	18_22	PLDNANO_VHH_00292	C0198	false	QVQLQESGGGLVQPGDSLRLSCVVSGRTLSYSSLAWFRQAPGKERDFVAALSLTTYYADSVKGRFTISRDNAKNTVYLQMNSLKPDDTADYFCATARTRTDYAPLLSAASTYDAWGQGTQVTVSL	c121a9095d5f87fb55478eee6fab641824dd449b5ffcf3d87fe5f43c1160e025	GRTLSYSS	LSLTT	ATARTRTDYAPLLSAASTYDA	21	PENDING	profile_diversified_exploration_control_v1
P500K__PROFILE_DIVERSIFIED_EXPLORATION_CONTROL__0026670	profile_diversified_exploration_control	26670	508922299	BXCPU_CPU_VALIDATED_PROFILE_EXPLORATION	C_CROSS	false	H3	16_17	PLDNANO_VHH_00503	C0343	false	DVQLVESGGGSVQAGGSLRLSCAASGYTYSSSNCIGWFRQAPGKEREGVATIYTGGGITYYADSVKGRFAISQDNAKNTVYLQMNSLKPEDTAMYYCATQRAEWGECILDDYNYWGQGTQVTVSS	39f2a6aa2af284ed7ca081ebf7314bed70cadddb0630b7eddfc8ad2e216bc1b0	GYTYSSSNC	IYTGGGIT	ATQRAEWGECILDDYNY	17	PENDING	profile_diversified_exploration_control_v1
P500K__PROFILE_DIVERSIFIED_EXPLORATION_CONTROL__0010417	profile_diversified_exploration_control	10417	1308280224	BXCPU_CPU_VALIDATED_PROFILE_EXPLORATION	B_LOWER	false	H1H3	18_22	PLDNANO_VHH_00531	C0360	true	AVQLVDSGGGLVQAGGSLRLSCTASERTTFSSYTLGWFRQAPGKEREFVGGISWSGVSTDYAEFAKGRFTISRDHAANTVYLEMNSLKPEDTAVYYCAALGRYRSNWRNIGQYDYWGQGTQVTVSS	143285bebabe922a21bde5d73453d1cd0fe40175cc2d71e2854f457d94c51b45	ERTTFSSYT	ISWSGVST	AALGRYRSNWRNIGQYDY	18	PENDING	profile_diversified_exploration_control_v1
P500K__PROFILE_DIVERSIFIED_EXPLORATION_CONTROL__0045126	profile_diversified_exploration_control	45126	3878535912	BXCPU_CPU_VALIDATED_PROFILE_EXPLORATION	C_CROSS	false	H1H3	18_22	PLDNANO_VHH_00871	C0500	false	QEELMESGGGPVQAGESLRLSCSASGFTSSRRCMGWFRQVPGQEREVVAVIFTGDSRTNYIDSVKGRFTITHDNAKDTVYLQMNSLKPEDTAMYFCAAGPRKVGSCDTSFSYKYWGQGTQVTVSS	3233c13c58463780bd3999dfe770ceb049d39d2f587a8c1199aa58a9e189a8bf	GFTSSRRC	IFTGDSRT	AAGPRKVGSCDTSFSYKY	18	PENDING	profile_diversified_exploration_control_v1
P500K__PROFILE_DIVERSIFIED_EXPLORATION_CONTROL__0045544	profile_diversified_exploration_control	45544	3501813736	BXCPU_CPU_VALIDATED_PROFILE_EXPLORATION	C_CROSS	false	H1H3	18_22	PLDNANO_VHH_00326	C0223	false	DVQLQASGGGLVQAGGSLRLSCAASGRTFSSDAMGWFRQAPGKEREFVAAISWSGGSTYYADSVKGRFTISRDNAKNTVYLQMNSLKPEDTAVYYCAHDRRRYYSGSYPPSEYDYWGQGTQVTVSS	923a4788f9e476af78229aea2aaaeacbbe205d1ab90fea36833afd4c5f36c7b4	GRTFSSDA	ISWSGGST	AHDRRRYYSGSYPPSEYDY	19	PENDING	profile_diversified_exploration_control_v1
P500K__PROFILE_DIVERSIFIED_EXPLORATION_CONTROL__0068240	profile_diversified_exploration_control	68240	233859065	BXCPU_CPU_VALIDATED_PROFILE_EXPLORATION	B_LOWER	false	H3	16_17	PLDNANO_VHH_00340	C0231	false	QVQLQESGGGLVQTGGSLRLSCAASGRTSSDYSVGWFRQAPGKEREFLAVMMLSGTGTYYADSVKGRAAISRDLAKNTVYLEMNSLKPEDTAVYYCALDRAGWLRTEENVYDYWGQGTQVTVSS	f08390da036eaf10860dc7d9a44fc1fb290df92f2fe9e5094c0760d896062e86	GRTSSDYS	MMLSGTGT	ALDRAGWLRTEENVYDY	17	PENDING	profile_diversified_exploration_control_v1
P500K__PROFILE_DIVERSIFIED_EXPLORATION_CONTROL__0061424	profile_diversified_exploration_control	61424	3536712366	BXCPU_CPU_VALIDATED_PROFILE_EXPLORATION	C_CROSS	false	H1H2H3	18_22	PLDNANO_VHH_00021	C0020	false	SGGGLVQAGGSLRLACAASGRTLSSYVMGWFRQAPGKEREFVAAISWSGGSTYYADSVKGRFTISRDNAKNTVYLQMNSLKPEDTAVYYCAATLRGSNRYYSGRVYDYWGQGTQVTVSS	a8795d73a31271ed5fb550c58b384ac7a056a448ed9fef2d3b8187a9f956e90d	GRTLSSYV	ISWSGGST	AATLRGSNRYYSGRVYDY	18	PENDING	profile_diversified_exploration_control_v1
P500K__PROFILE_DIVERSIFIED_EXPLORATION_CONTROL__0061653	profile_diversified_exploration_control	61653	2668111581	BXCPU_CPU_VALIDATED_PROFILE_EXPLORATION	C_CROSS	false	H1H2H3	16_17	PLDNANO_VHH_00341	C0232	false	QVQLQDSGGGLVQAGGSLRLSCEASGRTFSSYAMGWFRQPPGKEREWVSTISRSGSAIYAYPVKGRFTMSRDNAKNTVYLEMNSLKPEDTAVFYCAAARSGVPSSRPTDYDYWGQGTQVTVSS	5f7bbc31ae0e174b952a79e792bb27cc4995d2e1ae544344451b11aee8c77399	GRTFSSYA	ISRSGSA	AAARSGVPSSRPTDYDY	17	PENDING	profile_diversified_exploration_control_v1
P500K__PROFILE_DIVERSIFIED_EXPLORATION_CONTROL__0016484	profile_diversified_exploration_control	16484	4287339954	BXCPU_CPU_VALIDATED_PROFILE_EXPLORATION	A_CENTER	false	H1H3	16_17	PLDNANO_VHH_00165	C0110	false	EVQLVESGGGLVQAGDSLRLSCAASGRTFSIYSMGWFRQATGKEREFVAAIRWSGTRTYYADSVKGRFTISGDIAKNTVYLQMNNLKPEDTAVYSCAAGGSRGYVAAPDRWDYWGQGTLVTVSS	d6d7ca3406c6dea5fe123a8caa27b559749057d90d658625e921f3a19c15a342	GRTFSIYS	IRWSGTRT	AAGGSRGYVAAPDRWDY	17	PENDING	profile_diversified_exploration_control_v1
P500K__PROFILE_DIVERSIFIED_EXPLORATION_CONTROL__0059059	profile_diversified_exploration_control	59059	1722675908	BXCPU_CPU_VALIDATED_PROFILE_EXPLORATION	C_CROSS	false	H1H2H3	16_17	PLDNANO_VHH_00111	C0074	true	QVQLQESGGGSVQAGGSLRLSCVASGDTLRLCRMGWYRQAPGKGRELVSSMEIDGTTNYADSVKGRFTISQGDNRNTMYLQMNSLKPEDTAMYYCKMEGGYGGNCRLAIYNYWGQGTQVTVSS	c9cf5f6659265ad13d1099015c947e9e75850fc20f7ba0b15736e8b2a2ac0230	GDTLRLCR	MEIDGTT	KMEGGYGGNCRLAIYNY	17	PENDING	profile_diversified_exploration_control_v1
P500K__PROFILE_DIVERSIFIED_EXPLORATION_CONTROL__0043729	profile_diversified_exploration_control	43729	3217015457	BXCPU_CPU_VALIDATED_PROFILE_EXPLORATION	B_LOWER	false	H3	18_22	PLDNANO_VHH_00082	C0054	true	QLQVVESGGGLVQPGGSLRLSCAASGFTLDYYAIGWFRQAPGKEREGVACISPSGVSTNYADSVKGRFTISRDNAKNTVYLQMNSLEPEDSADYYCAGSRPSAHYCSGYPTEYDDWGQGTQVTVSS	943a3419b338dd8aed616ff59bf6df830adbe78e152717ee67a7ed3102ab1975	GFTLDYYA	ISPSGVST	AGSRPSAHYCSGYPTEYDD	19	PENDING	profile_diversified_exploration_control_v1
P500K__PROFILE_DIVERSIFIED_EXPLORATION_CONTROL__0004554	profile_diversified_exploration_control	4554	2980529000	BXCPU_CPU_VALIDATED_PROFILE_EXPLORATION	A_CENTER	false	H3	18_22	PLDNANO_VHH_00739	C0469	false	QVQLQESGGGSVQAGGSLRLSCAVSGYSISNYCMGWFRQPPGKEREGVANIDTWGVTSYTDSVKGRFTISKDNAKNTLYLQMNSLKPEDTALYYCARRQFVNCGTLAPVNYVNWGQGTQVTVSS	0aac58d4ddfc2db09405e0a02b07b2bd57732dd5b4f5e3d9ab1c9f5c5bcedb47	GYSISNYC	IDTWGVT	ARRQFVNCGTLAPVNYVN	18	PENDING	profile_diversified_exploration_control_v1
P500K__PROFILE_DIVERSIFIED_EXPLORATION_CONTROL__0069903	profile_diversified_exploration_control	69903	419136701	BXCPU_CPU_VALIDATED_PROFILE_EXPLORATION	A_CENTER	false	H1H3	18_22	PLDNANO_VHH_00560	C0376	false	QVQLVESGGGLVQAGGSLRLSCAASILTYDLDYYYIGWVRQAPGKEREGVSCISSTDGATYYADSVKGRFTISRNNAKNTVYLQMNNLKPEDTAIYYCAAAPLAGRYCPASHEYGYWGQGTQVTVSS	77bf18ac6c7a4ac67676647e5861e1489e24196029142b25378e73c6fb6ceb6f	ILTYDLDYYY	ISSTDGAT	AAAPLAGRYCPASHEYGY	18	PENDING	profile_diversified_exploration_control_v1
P500K__PROFILE_DIVERSIFIED_EXPLORATION_CONTROL__0060065	profile_diversified_exploration_control	60065	671562207	BXCPU_CPU_VALIDATED_PROFILE_EXPLORATION	A_CENTER	false	H1H3	18_22	PLDNANO_VHH_00071	C0048	true	EVQLVESGGGLVQAGDSLRLSCAASGRTFRNYVMAWFRQAPGKEREFVAQISWSGDSTHYIDSVKGRFTISRDNGKNTAYLQMNSLKPEDTAVYYCAADRGDSYYYMRPEEYNYWGQGTQVTVSS	8c514a5280b80a779c22815c4400dd145e37014282640be0b9ca73ba0a653ec2	GRTFRNYV	ISWSGDST	AADRGDSYYYMRPEEYNY	18	PENDING	profile_diversified_exploration_control_v1
P500K__PROFILE_DIVERSIFIED_EXPLORATION_CONTROL__0058246	profile_diversified_exploration_control	58246	3459373770	BXCPU_CPU_VALIDATED_PROFILE_EXPLORATION	C_CROSS	false	H1H2H3	18_22	PLDNANO_VHH_00874	C0502	true	QVQLEESGGGSAQPGGFLRLRCTARTDTGSNLRMGWFRQAPGKEREGVGITYDFDGYTYYSFNSESLKDRFSITQDNVNAISLNMKNLQPEDTAMYYCAATPAPRIPGTITPDSRHYFPYWGQGTQVTVSS	def5e532084eeb216bfae2b894e74d10007de2c70e0e81ebd788ac86dc1546f9	TDTGSNLR	ITYDFDGYT	AATPAPRIPGTITPDSRHYFPY	22	PENDING	profile_diversified_exploration_control_v1
P500K__PROFILE_DIVERSIFIED_EXPLORATION_CONTROL__0053742	profile_diversified_exploration_control	53742	731057111	BXCPU_CPU_VALIDATED_PROFILE_EXPLORATION	B_LOWER	false	H1H3	18_22	PLDNANO_VHH_00508	C0348	true	DVQLVESGGGSVQAGGSLRLSCAASGYTYGSNFMGWFRQAPGKEREGVAYIDGDGSTTYAGSVKGRFTISKDNAHNTLYLQMNSLKPDDTAAYYCASTRHDTRATLEDLWYNYWGQGTQVTVSS	4da7072fa10d59061ced8484c3a5174f51b96798da5ae844e77711533a6ce610	GYTYGSNF	IDGDGST	ASTRHDTRATLEDLWYNY	18	PENDING	profile_diversified_exploration_control_v1
P500K__PROFILE_DIVERSIFIED_EXPLORATION_CONTROL__0005511	profile_diversified_exploration_control	5511	3979219235	BXCPU_CPU_VALIDATED_PROFILE_EXPLORATION	C_CROSS	false	H1H2H3	18_22	PLDNANO_VHH_00507	C0347	false	QVQLVESGGGSVQAGGSLRLSCAASGYVYISYCMGWFRQAPGKEREGVAAIYTGGGTTSYADSVKGRFTISQDNAKNTVYLQMNSLKPEDTAMYYCAADCSIATIAPGSPLIEFGFWGQGTLVTVSS	638115c7f860723fec585f4f259e0ac84b1de2056ce027d71d1d2fcfbe7b3750	GYVYISYC	IYTGGGTT	AADCSIATIAPGSPLIEFGF	20	PENDING	profile_diversified_exploration_control_v1
P500K__PROFILE_DIVERSIFIED_EXPLORATION_CONTROL__0027416	profile_diversified_exploration_control	27416	2941165552	BXCPU_CPU_VALIDATED_PROFILE_EXPLORATION	C_CROSS	false	H3	18_22	PLDNANO_VHH_00513	C0352	false	HVQLVESGGGSVQAGGSLRLSCKASGYAYVSNCLAWFRQAPGKEREEVAAIYSGGGSTYYADSVKGRFTISLDIPKSAVYLQMNSLKPDDTAMYYCAALSGVCDGGPSMTAIQGIGVQGTQVTVSS	82fde53a3204dc3422a7ec5ff91cfae6fa339f6a14d7ac2542d3f1956789fa4b	GYAYVSNC	IYSGGGST	AALSGVCDGGPSMTAIQG	18	PENDING	profile_diversified_exploration_control_v1
P500K__PROFILE_DIVERSIFIED_EXPLORATION_CONTROL__0013452	profile_diversified_exploration_control	13452	3047807112	BXCPU_CPU_VALIDATED_PROFILE_EXPLORATION	B_LOWER	false	H3	18_22	PLDNANO_VHH_00471	C0316	false	DVQLEESGGGSVQAGGSLRLSCAASGYIYSTYCMGWFRQAPGKEREGVAAINDVGGSVYYADSVKGRFTISQDIAQDTMYLQMNDLTPENTVTYTCAALRCLSDSDPDTRVHMYYDWGQGTQVTVSS	46e2a8613a4fc0d9e1ec759c06a58514df8d14e643445d5a35b05eae81cbfa0a	GYIYSTYC	INDVGGSV	AALRCLSDSDPDTRVHMYYD	20	PENDING	profile_diversified_exploration_control_v1
P500K__PROFILE_DIVERSIFIED_EXPLORATION_CONTROL__0003893	profile_diversified_exploration_control	3893	710229230	BXCPU_CPU_VALIDATED_PROFILE_EXPLORATION	C_CROSS	false	H1H3	18_22	PLDNANO_VHH_00194	C0136	true	EVQLVESGGGLVQAGGSLRLSCAASSRTFSTYPMAWFRQAPGKEREFVATISRGGITSYYADSVKGRFTISRDNAKNTVYLQMNSLKPEDTAVYYCAQYKASATAYTRGRPDEIVHWGQGTQVTVSS	96adcd845197df77ee59b7ad16e9172dc073a1fc15706e5677c3bd693263418c	SRTFSTYP	ISRGGITS	AQYKASATAYTRGRPDEIVH	20	PENDING	profile_diversified_exploration_control_v1
P500K__PROFILE_DIVERSIFIED_EXPLORATION_CONTROL__0061595	profile_diversified_exploration_control	61595	1850925864	BXCPU_CPU_VALIDATED_PROFILE_EXPLORATION	A_CENTER	false	H1H3	18_22	PLDNANO_VHH_00363	C0246	false	EVQLQASGGGLVQAGGSLRLSCAASGRTDSTYAMAWFRQAPGKEREFVAAITYTGGTTHYADSVKGRFTISRDVAKDIMYLQMNSLKPEDTAVYYCAEKRSSWYRPFGVDEFGSWGQGTQVTVTV	a8bf86126af954ecb3ec08a994690fddd83ba6b4518a32d02e30b8b87d6f5815	GRTDSTYA	ITYTGGTT	AEKRSSWYRPFGVDEFGS	18	PENDING	profile_diversified_exploration_control_v1
P500K__PROFILE_DIVERSIFIED_EXPLORATION_CONTROL__0023980	profile_diversified_exploration_control	23980	1237787003	BXCPU_CPU_VALIDATED_PROFILE_EXPLORATION	A_CENTER	false	H3	18_22	PLDNANO_VHH_00728	C0463	false	QVQLQESGGGSVQAGGSLRLSCAASGYSYNIDYMAWFRQAPGKEREGVAAIYTGSRRTYYSDSVKGRFAISQDNADNTVYLQMNALKPEDTAMYFCAALVSRPGRSWDKNEYRYWGQGTQVTVSS	04a900c348081c065bd75ef55faf4508f9e7f32c49dd4dbd56d4f6bf3879cb42	GYSYNIDY	IYTGSRRT	AALVSRPGRSWDKNEYRY	18	PENDING	profile_diversified_exploration_control_v1
P500K__PROFILE_DIVERSIFIED_EXPLORATION_CONTROL__0033512	profile_diversified_exploration_control	33512	3256600652	BXCPU_CPU_VALIDATED_PROFILE_EXPLORATION	C_CROSS	false	H3	18_22	PLDNANO_VHH_00891	C0514	true	QRQVVESGGGSVQAGETLELSCTGSGFTLDEADMGWYRQIPGHECELVASIGGFGQRYYAESVWGRFTISQDKAKNTVYLEMNSLKPEDTAVYYCSANRGFSRSHLTCPAPGGYWGQGTQVTVST	74db43d9b6b8c3c700453edfebc4089d6b290289aaf67addb30429883c9cecfe	GFTLDEAD	IGGFGQR	SANRGFSRSHLTCPAPGGY	19	PENDING	profile_diversified_exploration_control_v1
P500K__PROFILE_DIVERSIFIED_EXPLORATION_CONTROL__0038100	profile_diversified_exploration_control	38100	3555036697	BXCPU_CPU_VALIDATED_PROFILE_EXPLORATION	B_LOWER	false	H1H3	16_17	PLDNANO_VHH_00611	C0406	false	DVQLQASEGGLVQAGGSLSLSCAASGSTGGVKAMGYYRQAPGKQRELVAVLGSDGYTVYADSVKGRFTISTDNAKNTVFLQMNSLTPEDTAVYYCAEVVTGKGWNSRPEFNYWGHGTLVTVSS	ed53a21422dab2c850c5a60b618ddd49f12ebf4ab920ea7c46d192a61f58bc7d	GSTGGVKA	LGSDGYT	AEVVTGKGWNSRPEFNY	17	PENDING	profile_diversified_exploration_control_v1
P500K__PROFILE_DIVERSIFIED_EXPLORATION_CONTROL__0024581	profile_diversified_exploration_control	24581	907465239	BXCPU_CPU_VALIDATED_PROFILE_EXPLORATION	B_LOWER	false	H1H3	18_22	PLDNANO_VHH_00892	C0515	false	QVQLVESGGGSVQAGGSLRLSCASSTHTLRSHYMAWFRQVTGKEREGVAYIPGIGSTATDYADSVEGRFIISRDNTENTVYLQMADLKPEDAAMYYCAVRTGFSGSWTRQTDYAYWGQGTQVTVFS	a6a3d70d0f4fcc93a88eee4e06a6a06d7dbebcf2ab801d178e9940d8c5a8d74d	THTLRSHY	IPGIGSTAT	AVRTGFSGSWTRQTDYAY	18	PENDING	profile_diversified_exploration_control_v1
P500K__PROFILE_DIVERSIFIED_EXPLORATION_CONTROL__0015141	profile_diversified_exploration_control	15141	530289656	BXCPU_CPU_VALIDATED_PROFILE_EXPLORATION	A_CENTER	false	H1H3	16_17	PLDNANO_VHH_00594	C0401	false	HVQLVESGGGSVQAGGSLRLSCTHSGYISSRHCMGWFRQAPGKAREGIAGIRRDGDEYYAGSVKGRFTISQDNAKNIIYLQMSSLTPDDTAMYYCAAGTRIIVGDYCDGITTWGQGTQVTVS	cb2b6466616a948bbba43e518397ed3c8182e083c07f8f4fc1df1168a94e6fb5	GYISSRHC	IRRDGDE	AAGTRIIVGDYCDGITT	17	PENDING	profile_diversified_exploration_control_v1
P500K__PROFILE_DIVERSIFIED_EXPLORATION_CONTROL__0043679	profile_diversified_exploration_control	43679	2805592017	BXCPU_CPU_VALIDATED_PROFILE_EXPLORATION	B_LOWER	false	H1H3	18_22	PLDNANO_VHH_00560	C0376	false	QVQLVESGGGLVQAGGSLRLSCAASILTYDLDYYYIGWVRQAPGKEREGVSCISSTDGATYYADSVKGRFTISRNNAKNTVYLQMNNLKPEDTAIYYCAAAPLAGRYCPASHEYGYWGQGTQVTVSS	77bf18ac6c7a4ac67676647e5861e1489e24196029142b25378e73c6fb6ceb6f	ILTYDLDYYY	ISSTDGAT	AAAPLAGRYCPASHEYGY	18	PENDING	profile_diversified_exploration_control_v1
P500K__PROFILE_DIVERSIFIED_EXPLORATION_CONTROL__0066832	profile_diversified_exploration_control	66832	686315033	BXCPU_CPU_VALIDATED_PROFILE_EXPLORATION	B_LOWER	false	H1H3	18_22	PLDNANO_VHH_00512	C0351	false	HVQLVESGGGSVQAGGSLRLSCAASGDGYMRNCMGWFRQAPGKEREGVAIVATGGRSLYYADFMKGRFTISQDNPKNTLYLQMNILEPEDTAMYYCAAETRGDCSGGYLGPDPYNYWGQGTQVTVSS	a2db7219c6c675bef7f32b3174b6413dfd8741b957a43cb551d99ca4b7c27738	GDGYMRNC	VATGGRSL	AAETRGDCSGGYLGPDPYNY	20	PENDING	profile_diversified_exploration_control_v1
P500K__PROFILE_DIVERSIFIED_EXPLORATION_CONTROL__0028717	profile_diversified_exploration_control	28717	931413901	BXCPU_CPU_VALIDATED_PROFILE_EXPLORATION	B_LOWER	false	H1H2H3	18_22	PLDNANO_VHH_00107	C0072	true	DVQLQESGGGSVQAGGSLRLSCAASGYTTSRLCMAWFRQFPGKEREGVANVRLGGYKPAYADSVKGRFTLSEDSAKNTVYLEMNSLQPEDTAMYYCAADPGGGGSCPVALVRGDFDYWGQGTQVTVSI	e0e7d57387b51cfac1d8bab43e3e9d6e7277a07ed6d0a2fdbe399fe948f34b9a	GYTTSRLC	VRLGGYKP	AADPGGGGSCPVALVRGDFDY	21	PENDING	profile_diversified_exploration_control_v1
P500K__PROFILE_DIVERSIFIED_EXPLORATION_CONTROL__0047287	profile_diversified_exploration_control	47287	2632529473	BXCPU_CPU_VALIDATED_PROFILE_EXPLORATION	B_LOWER	false	H1H2H3	18_22	PLDNANO_VHH_00587	C0396	false	QVQLVESGGGLVQAGGSLRLSCAPSRLTLDFFAIAWFRQAPGKEREGVSCISSHDGSTYYTDSVKGRFTISKDNAKNTVYLQMNSLKPEDTAVYYCALDHNVGTCQLTQAEYDYWGQGTQVTVSS	c576f3eed8de19e01b2bd8bcc699f1db98fbd8eb5ff11356bf0525f36f3a24e2	RLTLDFFA	ISSHDGST	ALDHNVGTCQLTQAEYDY	18	PENDING	profile_diversified_exploration_control_v1
P500K__PROFILE_DIVERSIFIED_EXPLORATION_CONTROL__0057950	profile_diversified_exploration_control	57950	2781049394	BXCPU_CPU_VALIDATED_PROFILE_EXPLORATION	A_CENTER	false	H1H3	18_22	PLDNANO_VHH_00169	C0114	true	EVQLVESGGGLVQAGGSLRLSCAASGRTFSSYIMAWFRQAPGKERDVVATVSWGGETTYYADSVKGRFTISRDNAKNTVYLQMNSLKPEDTAVYYCAASHARGYWHTPFTVADVGSWGQGTLVTVSS	76fb1af9debba1ae48ebba3d060aeba509dbe3a622c51950dea44c26c14d0c0e	GRTFSSYI	VSWGGETT	AASHARGYWHTPFTVADVGS	20	PENDING	profile_diversified_exploration_control_v1
P500K__PROFILE_DIVERSIFIED_EXPLORATION_CONTROL__0016836	profile_diversified_exploration_control	16836	148145050	BXCPU_CPU_VALIDATED_PROFILE_EXPLORATION	C_CROSS	false	H3	18_22	PLDNANO_VHH_00232	C0163	false	QVQLQDSGGGLVQAGDSLRLSCAASGRSFGGYAMGWFRQAPGKEREFVAAISWSGGSTYYADSLKGRFTISRDNAKNTVYLQMNSLKPEDTALYYCAAGLRPSPNYNHERSYDYWGQGTQVTVSS	588a3768e9ff450abe44f2dd5d9478e42a85a03206742f392b9ede19512cb1ba	GRSFGGYA	ISWSGGST	AAGLRPSPNYNHERSYDY	18	PENDING	profile_diversified_exploration_control_v1
P500K__PROFILE_DIVERSIFIED_EXPLORATION_CONTROL__0023494	profile_diversified_exploration_control	23494	2548705686	BXCPU_CPU_VALIDATED_PROFILE_EXPLORATION	B_LOWER	false	H3	18_22	PLDNANO_VHH_00874	C0502	true	QVQLEESGGGSAQPGGFLRLRCTARTDTGSNLRMGWFRQAPGKEREGVGITYDFDGYTYYSFNSESLKDRFSITQDNVNAISLNMKNLQPEDTAMYYCAATPAPRIPGTITPDSRHYFPYWGQGTQVTVSS	def5e532084eeb216bfae2b894e74d10007de2c70e0e81ebd788ac86dc1546f9	TDTGSNLR	ITYDFDGYT	AATPAPRIPGTITPDSRHYFPY	22	PENDING	profile_diversified_exploration_control_v1
P500K__PROFILE_DIVERSIFIED_EXPLORATION_CONTROL__0024611	profile_diversified_exploration_control	24611	355154594	BXCPU_CPU_VALIDATED_PROFILE_EXPLORATION	A_CENTER	false	H3	18_22	PLDNANO_VHH_00136	C0086	true	EVQLVESGGGLVQAGGSLRLSCAASGPTFSADTMGWFRQAPGKEREFVATIPWSGGIAYYSDSVKGRFTMSRDNAKNTVDLQMNSLKPEDTALYYCAGSSRIYIYSDSLSERSYDYWGQGTQVTVSS	8e5d85b92aa6389c6acf1a8df0a2986e507c862f3bc451999bc8e4ac8f6ede90	GPTFSADT	IPWSGGIA	AGSSRIYIYSDSLSERSYDY	20	PENDING	profile_diversified_exploration_control_v1
P500K__PROFILE_DIVERSIFIED_EXPLORATION_CONTROL__0053014	profile_diversified_exploration_control	53014	337840118	BXCPU_CPU_VALIDATED_PROFILE_EXPLORATION	C_CROSS	false	H3	18_22	PLDNANO_VHH_00424	C0284	false	QVQLQESGGGSVQAGGSLRLSCVASGDTYSSACMGWFRQAPGKEREGVATICTSTSMRTRYYADAVKARFTISQDNAKNTVYLQMNSLKPEDIAMYYCATGHTVGSSWRDPGAWRYWGQGTQVTVSS	86779c0c5efcbde74f7ea69e3d99c4de4b1544d88cfbdc4cb315861423406aa4	GDTYSSAC	ICTSTSMRTR	ATGHTVGSSWRDPGAWRY	18	PENDING	profile_diversified_exploration_control_v1
P500K__PROFILE_DIVERSIFIED_EXPLORATION_CONTROL__0013608	profile_diversified_exploration_control	13608	3592822822	BXCPU_CPU_VALIDATED_PROFILE_EXPLORATION	C_CROSS	false	H1H2H3	18_22	PLDNANO_VHH_00866	C0495	true	EVQLQESGGGSVQAGGSLRLSCAASGDTVRTMAWFRQAPGKEREGVAGFNLPISRPYYADGMKARFTISGDKSKNTVTLQMDNLAPEDTANYYCAATRYTLDLSSRIFQGDFDHWGHGTQVTVSS	2508660d339835b794800a52ad427c71ecf0fe80c087c12da14f7b41dc9e4079	GDTVRT	FNLPISRP	AATRYTLDLSSRIFQGDFDH	20	PENDING	profile_diversified_exploration_control_v1
P500K__PROFILE_DIVERSIFIED_EXPLORATION_CONTROL__0007716	profile_diversified_exploration_control	7716	3578465682	BXCPU_CPU_VALIDATED_PROFILE_EXPLORATION	C_CROSS	false	H1H2H3	18_22	PLDNANO_VHH_00275	C0183	true	QVQLQDSGGGLVQAGGSLRLSCAASRFSSAQYAIGWFRQAPGKEREGVSYITFSGGPTGYADSVKGRFTVSRDNAKNTVYLQMNSLKPEDTAVYYCAARPYTRPGSMWVSSLYDNWGQGTQVTVSS	16023d1aed86c1df46b74e75dde9abc863b8b5b3b935779d75882451a534e370	RFSSAQYA	ITFSGGPT	AARPYTRPGSMWVSSLYDN	19	PENDING	profile_diversified_exploration_control_v1
