panel_order	mutant_name	base_molecule	family	control_type	mutation_class	mutations_1based	changed_cdr	intended_role	sequence_length	cdr1_range	cdr2_range	cdr3_range	sequence	workdir_x	required_next_stage	monomer_raw_pdb	monomer_chainA_pdb	structure_qc_sane	haddock_run_dir	classification_8x6b_csv	classification_9e6y_csv	consensus_csv	consensus_rows	consensus_blocker_like_a	single_baseline_blocker_recheck	blocker_plausible_b	evidence_inference_only_e	workdir_y	candidate_id	candidate_length	nearest_reference_id	nearest_reference_length	identity_fraction	same_length_hamming_distance	leakage_label	recommended_action	old_geometry_support_pose_count	control_interpretation
1	mut_01_PVRIG-20_base_reference	PVRIG-20	20	base_reference	unmutated_positive_control	none	no	known positive/control leakage anchor; not a new design candidate	121	26-33	51-57	96-110	DVQLVESGGGSVQAGGSLRLSCVASRYTSRTDCMGWFRQAPGKEHEGVAHIDSDGIPRYVDSVKGRFTISQDHAKNTLYLQMNSLKPEDSATYYCVVGFKFDDDYCAPNDWGQGTQVTVSS	/mnt/d/work/抗体/docking/calibration/mutant_validation_panel/workdirs/mut_01_PVRIG-20_base_reference	local scaffold -> node1 NanoBodyBuilder2 -> HADDOCK3 -> 8X6B/9E6Y postprocess	yes	yes	yes	yes	yes	yes	yes	10	0	4	6	0	/mnt/d/work/抗体/docking/calibration/mutant_validation_panel/workdirs/mut_01_PVRIG-20_base_reference	mut_01_PVRIG-20_base_reference	121	PVRIG-20	121	1.0	0	EXACT_KNOWN_POSITIVE	reject from new-candidate ranking; keep only as positive/leakage control	10	computational perturbation/leakage control; not an experimentally confirmed negative
2	mut_02_PVRIG-20_cdr3_cons_F99Y	PVRIG-20	20	mutant	single_conservative_cdr3	F99Y	CDR3	small CDR3 perturbation; should test whether the workflow is overly brittle to conservative substitutions	121	26-33	51-57	96-110	DVQLVESGGGSVQAGGSLRLSCVASRYTSRTDCMGWFRQAPGKEHEGVAHIDSDGIPRYVDSVKGRFTISQDHAKNTLYLQMNSLKPEDSATYYCVVGYKFDDDYCAPNDWGQGTQVTVSS	/mnt/d/work/抗体/docking/calibration/mutant_validation_panel/workdirs/mut_02_PVRIG-20_cdr3_cons_F99Y	local scaffold -> node1 NanoBodyBuilder2 -> HADDOCK3 -> 8X6B/9E6Y postprocess	yes	yes	yes	yes	yes	yes	yes	10	0	7	1	2	/mnt/d/work/抗体/docking/calibration/mutant_validation_panel/workdirs/mut_02_PVRIG-20_cdr3_cons_F99Y	mut_02_PVRIG-20_cdr3_cons_F99Y	121	PVRIG-20	121	0.991736	1	NEAR_KNOWN_POSITIVE	treat as leakage/perturbation control unless explicitly approved as a mutant-validation row	8	computational perturbation/leakage control; not an experimentally confirmed negative
3	mut_03_PVRIG-20_cdr3_arom_F99A	PVRIG-20	20	mutant	single_aromatic_to_alanine_cdr3	F99A	CDR3	paratope-disruptive single substitution; should usually weaken retained blocker-like geometry after real docking	121	26-33	51-57	96-110	DVQLVESGGGSVQAGGSLRLSCVASRYTSRTDCMGWFRQAPGKEHEGVAHIDSDGIPRYVDSVKGRFTISQDHAKNTLYLQMNSLKPEDSATYYCVVGAKFDDDYCAPNDWGQGTQVTVSS	/mnt/d/work/抗体/docking/calibration/mutant_validation_panel/workdirs/mut_03_PVRIG-20_cdr3_arom_F99A	local scaffold -> node1 NanoBodyBuilder2 -> HADDOCK3 -> 8X6B/9E6Y postprocess	yes	yes	yes	yes	yes	yes	yes	10	0	4	5	1	/mnt/d/work/抗体/docking/calibration/mutant_validation_panel/workdirs/mut_03_PVRIG-20_cdr3_arom_F99A	mut_03_PVRIG-20_cdr3_arom_F99A	121	PVRIG-20	121	0.991736	1	NEAR_KNOWN_POSITIVE	treat as leakage/perturbation control unless explicitly approved as a mutant-validation row	9	computational perturbation/leakage control; not an experimentally confirmed negative
4	mut_04_PVRIG-20_cdr3_center_ala_scan	PVRIG-20	20	mutant	multi_cdr3_alanine_scan	D102A;D103A;D104A	CDR3	strong CDR3 perturbation; negative/fragility control for sequence-to-docking ranking	121	26-33	51-57	96-110	DVQLVESGGGSVQAGGSLRLSCVASRYTSRTDCMGWFRQAPGKEHEGVAHIDSDGIPRYVDSVKGRFTISQDHAKNTLYLQMNSLKPEDSATYYCVVGFKFAAAYCAPNDWGQGTQVTVSS	/mnt/d/work/抗体/docking/calibration/mutant_validation_panel/workdirs/mut_04_PVRIG-20_cdr3_center_ala_scan	local scaffold -> node1 NanoBodyBuilder2 -> HADDOCK3 -> 8X6B/9E6Y postprocess	yes	yes	yes	yes	yes	yes	yes	10	0	9	1	0	/mnt/d/work/抗体/docking/calibration/mutant_validation_panel/workdirs/mut_04_PVRIG-20_cdr3_center_ala_scan	mut_04_PVRIG-20_cdr3_center_ala_scan	121	PVRIG-20	121	0.975207	3	NEAR_KNOWN_POSITIVE	treat as leakage/perturbation control unless explicitly approved as a mutant-validation row	10	computational perturbation/leakage control; not an experimentally confirmed negative
5	mut_05_PVRIG-20_fw_cons_D61E	PVRIG-20	20	mutant	single_conservative_framework	D61E	no	framework plumbing control; CDR ranges should remain stable and ranking should not be driven by sequence parser artifacts	121	26-33	51-57	96-110	DVQLVESGGGSVQAGGSLRLSCVASRYTSRTDCMGWFRQAPGKEHEGVAHIDSDGIPRYVESVKGRFTISQDHAKNTLYLQMNSLKPEDSATYYCVVGFKFDDDYCAPNDWGQGTQVTVSS	/mnt/d/work/抗体/docking/calibration/mutant_validation_panel/workdirs/mut_05_PVRIG-20_fw_cons_D61E	local scaffold -> node1 NanoBodyBuilder2 -> HADDOCK3 -> 8X6B/9E6Y postprocess	yes	yes	yes	yes	yes	yes	yes	10	0	1	7	2	/mnt/d/work/抗体/docking/calibration/mutant_validation_panel/workdirs/mut_05_PVRIG-20_fw_cons_D61E	mut_05_PVRIG-20_fw_cons_D61E	121	PVRIG-20	121	0.991736	1	NEAR_KNOWN_POSITIVE	treat as leakage/perturbation control unless explicitly approved as a mutant-validation row	8	computational perturbation/leakage control; not an experimentally confirmed negative
6	mut_06_PVRIG-20_patent_20_D103E_style	PVRIG-20	20	mutant	known_20_family_cdr3_stability_delta	D103E	CDR3	known PVRIG-20 to 20H-style CDR3 D-to-E perturbation; positive-retention/stability calibration candidate	121	26-33	51-57	96-110	DVQLVESGGGSVQAGGSLRLSCVASRYTSRTDCMGWFRQAPGKEHEGVAHIDSDGIPRYVDSVKGRFTISQDHAKNTLYLQMNSLKPEDSATYYCVVGFKFDEDYCAPNDWGQGTQVTVSS	/mnt/d/work/抗体/docking/calibration/mutant_validation_panel/workdirs/mut_06_PVRIG-20_patent_20_D103E_style	local scaffold -> node1 NanoBodyBuilder2 -> HADDOCK3 -> 8X6B/9E6Y postprocess	yes	yes	yes	yes	yes	yes	yes	10	0	2	7	1	/mnt/d/work/抗体/docking/calibration/mutant_validation_panel/workdirs/mut_06_PVRIG-20_patent_20_D103E_style	mut_06_PVRIG-20_patent_20_D103E_style	121	PVRIG-20	121	0.991736	1	NEAR_KNOWN_POSITIVE	treat as leakage/perturbation control unless explicitly approved as a mutant-validation row	9	computational perturbation/leakage control; not an experimentally confirmed negative
7	mut_07_PVRIG-30_base_reference	PVRIG-30	30	base_reference	unmutated_positive_control	none	no	known positive/control leakage anchor; not a new design candidate	121	26-33	52-58	97-110	HVQLVESGGGSVQAGGSLRLSCEASGYSYSGDCMGWFRRAPGKERDEGVATIDNAGRIKYADSVKGRFTISHGNGKYILYLQMNSLKPEDTDMYYCAAGWTFGGNCSPADWGQGTQVTVSS	/mnt/d/work/抗体/docking/calibration/mutant_validation_panel/workdirs/mut_07_PVRIG-30_base_reference	local scaffold -> node1 NanoBodyBuilder2 -> HADDOCK3 -> 8X6B/9E6Y postprocess	yes	yes	yes	yes	yes	yes	yes	10	1	5	3	1	/mnt/d/work/抗体/docking/calibration/mutant_validation_panel/workdirs/mut_07_PVRIG-30_base_reference	mut_07_PVRIG-30_base_reference	121	PVRIG-30	121	1.0	0	EXACT_KNOWN_POSITIVE	reject from new-candidate ranking; keep only as positive/leakage control	9	computational perturbation/leakage control; not an experimentally confirmed negative
8	mut_08_PVRIG-30_cdr3_cons_T101S	PVRIG-30	30	mutant	single_conservative_cdr3	T101S	CDR3	small CDR3 perturbation; should test whether the workflow is overly brittle to conservative substitutions	121	26-33	52-58	97-110	HVQLVESGGGSVQAGGSLRLSCEASGYSYSGDCMGWFRRAPGKERDEGVATIDNAGRIKYADSVKGRFTISHGNGKYILYLQMNSLKPEDTDMYYCAAGWSFGGNCSPADWGQGTQVTVSS	/mnt/d/work/抗体/docking/calibration/mutant_validation_panel/workdirs/mut_08_PVRIG-30_cdr3_cons_T101S	local scaffold -> node1 NanoBodyBuilder2 -> HADDOCK3 -> 8X6B/9E6Y postprocess	yes	yes	yes	yes	yes	yes	yes	10	0	1	9	0	/mnt/d/work/抗体/docking/calibration/mutant_validation_panel/workdirs/mut_08_PVRIG-30_cdr3_cons_T101S	mut_08_PVRIG-30_cdr3_cons_T101S	121	PVRIG-30	121	0.991736	1	NEAR_KNOWN_POSITIVE	treat as leakage/perturbation control unless explicitly approved as a mutant-validation row	10	computational perturbation/leakage control; not an experimentally confirmed negative
9	mut_09_PVRIG-30_cdr3_arom_W100A	PVRIG-30	30	mutant	single_aromatic_to_alanine_cdr3	W100A	CDR3	paratope-disruptive single substitution; should usually weaken retained blocker-like geometry after real docking	121	26-33	52-58	97-110	HVQLVESGGGSVQAGGSLRLSCEASGYSYSGDCMGWFRRAPGKERDEGVATIDNAGRIKYADSVKGRFTISHGNGKYILYLQMNSLKPEDTDMYYCAAGATFGGNCSPADWGQGTQVTVSS	/mnt/d/work/抗体/docking/calibration/mutant_validation_panel/workdirs/mut_09_PVRIG-30_cdr3_arom_W100A	local scaffold -> node1 NanoBodyBuilder2 -> HADDOCK3 -> 8X6B/9E6Y postprocess	yes	yes	yes	yes	yes	yes	yes	9	5	0	4	0	/mnt/d/work/抗体/docking/calibration/mutant_validation_panel/workdirs/mut_09_PVRIG-30_cdr3_arom_W100A	mut_09_PVRIG-30_cdr3_arom_W100A	121	PVRIG-30	121	0.991736	1	NEAR_KNOWN_POSITIVE	treat as leakage/perturbation control unless explicitly approved as a mutant-validation row	9	computational perturbation/leakage control; not an experimentally confirmed negative
10	mut_10_PVRIG-30_cdr3_center_ala_scan	PVRIG-30	30	mutant	multi_cdr3_alanine_scan	F102A;G103A;G104A	CDR3	strong CDR3 perturbation; negative/fragility control for sequence-to-docking ranking	121	26-33	52-58	97-110	HVQLVESGGGSVQAGGSLRLSCEASGYSYSGDCMGWFRRAPGKERDEGVATIDNAGRIKYADSVKGRFTISHGNGKYILYLQMNSLKPEDTDMYYCAAGWTAAANCSPADWGQGTQVTVSS	/mnt/d/work/抗体/docking/calibration/mutant_validation_panel/workdirs/mut_10_PVRIG-30_cdr3_center_ala_scan	local scaffold -> node1 NanoBodyBuilder2 -> HADDOCK3 -> 8X6B/9E6Y postprocess	yes	yes	yes	yes	yes	yes	yes	10	0	8	2	0	/mnt/d/work/抗体/docking/calibration/mutant_validation_panel/workdirs/mut_10_PVRIG-30_cdr3_center_ala_scan	mut_10_PVRIG-30_cdr3_center_ala_scan	121	PVRIG-30	121	0.975207	3	NEAR_KNOWN_POSITIVE	treat as leakage/perturbation control unless explicitly approved as a mutant-validation row	10	computational perturbation/leakage control; not an experimentally confirmed negative
11	mut_11_PVRIG-30_fw_cons_Y60F	PVRIG-30	30	mutant	single_conservative_framework	Y60F	no	framework plumbing control; CDR ranges should remain stable and ranking should not be driven by sequence parser artifacts	121	26-33	52-58	97-110	HVQLVESGGGSVQAGGSLRLSCEASGYSYSGDCMGWFRRAPGKERDEGVATIDNAGRIKFADSVKGRFTISHGNGKYILYLQMNSLKPEDTDMYYCAAGWTFGGNCSPADWGQGTQVTVSS	/mnt/d/work/抗体/docking/calibration/mutant_validation_panel/workdirs/mut_11_PVRIG-30_fw_cons_Y60F	local scaffold -> node1 NanoBodyBuilder2 -> HADDOCK3 -> 8X6B/9E6Y postprocess	yes	yes	yes	yes	yes	yes	yes	10	0	1	7	2	/mnt/d/work/抗体/docking/calibration/mutant_validation_panel/workdirs/mut_11_PVRIG-30_fw_cons_Y60F	mut_11_PVRIG-30_fw_cons_Y60F	121	PVRIG-30	121	0.991736	1	NEAR_KNOWN_POSITIVE	treat as leakage/perturbation control unless explicitly approved as a mutant-validation row	8	computational perturbation/leakage control; not an experimentally confirmed negative
12	mut_12_PVRIG-38_base_reference	PVRIG-38	38	base_reference	unmutated_positive_control	none	no	known positive/control leakage anchor; not a new design candidate	123	26-33	51-58	97-112	QVQLVESGGGSVQAGGSLRLSCAASPSTYGPSDMAWFRQAPGKQREGVATISAAGRLTYYTDSVRGRFTISRDNAKNTMYLQMNSLKPEDTAMYYCAADFAGGSSLFADYKYWGQGTQVTVSS	/mnt/d/work/抗体/docking/calibration/mutant_validation_panel/workdirs/mut_12_PVRIG-38_base_reference	local scaffold -> node1 NanoBodyBuilder2 -> HADDOCK3 -> 8X6B/9E6Y postprocess	yes	yes	yes	yes	yes	yes	yes	10	0	4	6	0	/mnt/d/work/抗体/docking/calibration/mutant_validation_panel/workdirs/mut_12_PVRIG-38_base_reference	mut_12_PVRIG-38_base_reference	123	PVRIG-38	123	1.0	0	EXACT_KNOWN_POSITIVE	reject from new-candidate ranking; keep only as positive/leakage control	10	computational perturbation/leakage control; not an experimentally confirmed negative
13	mut_13_PVRIG-38_cdr3_cons_D99E	PVRIG-38	38	mutant	single_conservative_cdr3	D99E	CDR3	small CDR3 perturbation; should test whether the workflow is overly brittle to conservative substitutions	123	26-33	51-58	97-112	QVQLVESGGGSVQAGGSLRLSCAASPSTYGPSDMAWFRQAPGKQREGVATISAAGRLTYYTDSVRGRFTISRDNAKNTMYLQMNSLKPEDTAMYYCAAEFAGGSSLFADYKYWGQGTQVTVSS	/mnt/d/work/抗体/docking/calibration/mutant_validation_panel/workdirs/mut_13_PVRIG-38_cdr3_cons_D99E	local scaffold -> node1 NanoBodyBuilder2 -> HADDOCK3 -> 8X6B/9E6Y postprocess	yes	yes	yes	yes	yes	yes	yes	10	0	1	9	0	/mnt/d/work/抗体/docking/calibration/mutant_validation_panel/workdirs/mut_13_PVRIG-38_cdr3_cons_D99E	mut_13_PVRIG-38_cdr3_cons_D99E	123	PVRIG-38	123	0.99187	1	NEAR_KNOWN_POSITIVE	treat as leakage/perturbation control unless explicitly approved as a mutant-validation row	10	computational perturbation/leakage control; not an experimentally confirmed negative
14	mut_14_PVRIG-38_cdr3_arom_F100A	PVRIG-38	38	mutant	single_aromatic_to_alanine_cdr3	F100A	CDR3	paratope-disruptive single substitution; should usually weaken retained blocker-like geometry after real docking	123	26-33	51-58	97-112	QVQLVESGGGSVQAGGSLRLSCAASPSTYGPSDMAWFRQAPGKQREGVATISAAGRLTYYTDSVRGRFTISRDNAKNTMYLQMNSLKPEDTAMYYCAADAAGGSSLFADYKYWGQGTQVTVSS	/mnt/d/work/抗体/docking/calibration/mutant_validation_panel/workdirs/mut_14_PVRIG-38_cdr3_arom_F100A	local scaffold -> node1 NanoBodyBuilder2 -> HADDOCK3 -> 8X6B/9E6Y postprocess	yes	yes	yes	yes	yes	yes	yes	10	0	1	8	1	/mnt/d/work/抗体/docking/calibration/mutant_validation_panel/workdirs/mut_14_PVRIG-38_cdr3_arom_F100A	mut_14_PVRIG-38_cdr3_arom_F100A	123	PVRIG-38	123	0.99187	1	NEAR_KNOWN_POSITIVE	treat as leakage/perturbation control unless explicitly approved as a mutant-validation row	9	computational perturbation/leakage control; not an experimentally confirmed negative
15	mut_15_PVRIG-38_cdr3_center_ala_scan	PVRIG-38	38	mutant	multi_cdr3_alanine_scan	G103A;S104A;S105A	CDR3	strong CDR3 perturbation; negative/fragility control for sequence-to-docking ranking	123	26-33	51-58	97-112	QVQLVESGGGSVQAGGSLRLSCAASPSTYGPSDMAWFRQAPGKQREGVATISAAGRLTYYTDSVRGRFTISRDNAKNTMYLQMNSLKPEDTAMYYCAADFAGAAALFADYKYWGQGTQVTVSS	/mnt/d/work/抗体/docking/calibration/mutant_validation_panel/workdirs/mut_15_PVRIG-38_cdr3_center_ala_scan	local scaffold -> node1 NanoBodyBuilder2 -> HADDOCK3 -> 8X6B/9E6Y postprocess	yes	yes	yes	yes	yes	yes	yes	10	0	1	9	0	/mnt/d/work/抗体/docking/calibration/mutant_validation_panel/workdirs/mut_15_PVRIG-38_cdr3_center_ala_scan	mut_15_PVRIG-38_cdr3_center_ala_scan	123	PVRIG-38	123	0.97561	3	NEAR_KNOWN_POSITIVE	treat as leakage/perturbation control unless explicitly approved as a mutant-validation row	10	computational perturbation/leakage control; not an experimentally confirmed negative
16	mut_16_PVRIG-38_fw_cons_T61S	PVRIG-38	38	mutant	single_conservative_framework	T61S	no	framework plumbing control; CDR ranges should remain stable and ranking should not be driven by sequence parser artifacts	123	26-33	51-58	97-112	QVQLVESGGGSVQAGGSLRLSCAASPSTYGPSDMAWFRQAPGKQREGVATISAAGRLTYYSDSVRGRFTISRDNAKNTMYLQMNSLKPEDTAMYYCAADFAGGSSLFADYKYWGQGTQVTVSS	/mnt/d/work/抗体/docking/calibration/mutant_validation_panel/workdirs/mut_16_PVRIG-38_fw_cons_T61S	local scaffold -> node1 NanoBodyBuilder2 -> HADDOCK3 -> 8X6B/9E6Y postprocess	yes	yes	yes	yes	yes	yes	yes	10	0	4	5	1	/mnt/d/work/抗体/docking/calibration/mutant_validation_panel/workdirs/mut_16_PVRIG-38_fw_cons_T61S	mut_16_PVRIG-38_fw_cons_T61S	123	PVRIG-38	123	0.99187	1	NEAR_KNOWN_POSITIVE	treat as leakage/perturbation control unless explicitly approved as a mutant-validation row	9	computational perturbation/leakage control; not an experimentally confirmed negative
17	mut_17_PVRIG-39_base_reference	PVRIG-39	39	base_reference	unmutated_positive_control	none	no	known positive/control leakage anchor; not a new design candidate	120	26-33	51-57	96-109	QVQLVESGGGSVQAGGSLRLSCAASRYTSRTDCMGWFRQAPGKEREGVAHIDSDGIPRYVESVKGRFTISQDHAKNTLYLQMNSLKPEDSATYYCVVGFKFGDYCAPNDWGQGTQVTVSS	/mnt/d/work/抗体/docking/calibration/mutant_validation_panel/workdirs/mut_17_PVRIG-39_base_reference	local scaffold -> node1 NanoBodyBuilder2 -> HADDOCK3 -> 8X6B/9E6Y postprocess	yes	yes	yes	yes	yes	yes	yes	10	0	3	6	1	/mnt/d/work/抗体/docking/calibration/mutant_validation_panel/workdirs/mut_17_PVRIG-39_base_reference	mut_17_PVRIG-39_base_reference	120	PVRIG-39	120	1.0	0	EXACT_KNOWN_POSITIVE	reject from new-candidate ranking; keep only as positive/leakage control	9	computational perturbation/leakage control; not an experimentally confirmed negative
18	mut_18_PVRIG-39_cdr3_cons_F99Y	PVRIG-39	39	mutant	single_conservative_cdr3	F99Y	CDR3	small CDR3 perturbation; should test whether the workflow is overly brittle to conservative substitutions	120	26-33	51-57	96-109	QVQLVESGGGSVQAGGSLRLSCAASRYTSRTDCMGWFRQAPGKEREGVAHIDSDGIPRYVESVKGRFTISQDHAKNTLYLQMNSLKPEDSATYYCVVGYKFGDYCAPNDWGQGTQVTVSS	/mnt/d/work/抗体/docking/calibration/mutant_validation_panel/workdirs/mut_18_PVRIG-39_cdr3_cons_F99Y	local scaffold -> node1 NanoBodyBuilder2 -> HADDOCK3 -> 8X6B/9E6Y postprocess	yes	yes	yes	yes	yes	yes	yes	10	0	1	5	4	/mnt/d/work/抗体/docking/calibration/mutant_validation_panel/workdirs/mut_18_PVRIG-39_cdr3_cons_F99Y	mut_18_PVRIG-39_cdr3_cons_F99Y	120	PVRIG-39	120	0.991667	1	NEAR_KNOWN_POSITIVE	treat as leakage/perturbation control unless explicitly approved as a mutant-validation row	6	computational perturbation/leakage control; not an experimentally confirmed negative
19	mut_19_PVRIG-39_cdr3_arom_F99A	PVRIG-39	39	mutant	single_aromatic_to_alanine_cdr3	F99A	CDR3	paratope-disruptive single substitution; should usually weaken retained blocker-like geometry after real docking	120	26-33	51-57	96-109	QVQLVESGGGSVQAGGSLRLSCAASRYTSRTDCMGWFRQAPGKEREGVAHIDSDGIPRYVESVKGRFTISQDHAKNTLYLQMNSLKPEDSATYYCVVGAKFGDYCAPNDWGQGTQVTVSS	/mnt/d/work/抗体/docking/calibration/mutant_validation_panel/workdirs/mut_19_PVRIG-39_cdr3_arom_F99A	local scaffold -> node1 NanoBodyBuilder2 -> HADDOCK3 -> 8X6B/9E6Y postprocess	yes	yes	yes	yes	yes	yes	yes	10	0	0	9	1	/mnt/d/work/抗体/docking/calibration/mutant_validation_panel/workdirs/mut_19_PVRIG-39_cdr3_arom_F99A	mut_19_PVRIG-39_cdr3_arom_F99A	120	PVRIG-39	120	0.991667	1	NEAR_KNOWN_POSITIVE	treat as leakage/perturbation control unless explicitly approved as a mutant-validation row	9	computational perturbation/leakage control; not an experimentally confirmed negative
20	mut_20_PVRIG-39_cdr3_center_ala_scan	PVRIG-39	39	mutant	multi_cdr3_alanine_scan	F101A;G102A;D103A	CDR3	strong CDR3 perturbation; negative/fragility control for sequence-to-docking ranking	120	26-33	51-57	96-109	QVQLVESGGGSVQAGGSLRLSCAASRYTSRTDCMGWFRQAPGKEREGVAHIDSDGIPRYVESVKGRFTISQDHAKNTLYLQMNSLKPEDSATYYCVVGFKAAAYCAPNDWGQGTQVTVSS	/mnt/d/work/抗体/docking/calibration/mutant_validation_panel/workdirs/mut_20_PVRIG-39_cdr3_center_ala_scan	local scaffold -> node1 NanoBodyBuilder2 -> HADDOCK3 -> 8X6B/9E6Y postprocess	yes	yes	yes	yes	yes	yes	yes	10	0	1	8	1	/mnt/d/work/抗体/docking/calibration/mutant_validation_panel/workdirs/mut_20_PVRIG-39_cdr3_center_ala_scan	mut_20_PVRIG-39_cdr3_center_ala_scan	120	PVRIG-39	120	0.975	3	NEAR_KNOWN_POSITIVE	treat as leakage/perturbation control unless explicitly approved as a mutant-validation row	9	computational perturbation/leakage control; not an experimentally confirmed negative
21	mut_21_PVRIG-39_fw_cons_Y59F	PVRIG-39	39	mutant	single_conservative_framework	Y59F	no	framework plumbing control; CDR ranges should remain stable and ranking should not be driven by sequence parser artifacts	120	26-33	51-57	96-109	QVQLVESGGGSVQAGGSLRLSCAASRYTSRTDCMGWFRQAPGKEREGVAHIDSDGIPRFVESVKGRFTISQDHAKNTLYLQMNSLKPEDSATYYCVVGFKFGDYCAPNDWGQGTQVTVSS	/mnt/d/work/抗体/docking/calibration/mutant_validation_panel/workdirs/mut_21_PVRIG-39_fw_cons_Y59F	local scaffold -> node1 NanoBodyBuilder2 -> HADDOCK3 -> 8X6B/9E6Y postprocess	yes	yes	yes	yes	yes	yes	yes	10	0	0	9	1	/mnt/d/work/抗体/docking/calibration/mutant_validation_panel/workdirs/mut_21_PVRIG-39_fw_cons_Y59F	mut_21_PVRIG-39_fw_cons_Y59F	120	PVRIG-39	120	0.991667	1	NEAR_KNOWN_POSITIVE	treat as leakage/perturbation control unless explicitly approved as a mutant-validation row	9	computational perturbation/leakage control; not an experimentally confirmed negative
22	mut_22_20H5_base_reference	20H5	20	base_reference	unmutated_positive_control	none	no	known positive/control leakage anchor; not a new design candidate	121	26-33	51-57	96-110	EVQLVESGGGLVQPGGSLRLSCAASGYTSRTDCMGWFRQAPGKEHEGVAHIDSDGIPRYVDSVKGRFTISQDHAKNSLYLQMNSLRAEDTAVYYCVVGFKFDEDYCAPNDWGQGTMVTVSS	/mnt/d/work/抗体/docking/calibration/mutant_validation_panel/workdirs/mut_22_20H5_base_reference	local scaffold -> node1 NanoBodyBuilder2 -> HADDOCK3 -> 8X6B/9E6Y postprocess	yes	yes	yes	yes	yes	yes	yes	10	0	4	6	0	/mnt/d/work/抗体/docking/calibration/mutant_validation_panel/workdirs/mut_22_20H5_base_reference	mut_22_20H5_base_reference	121	20H5	121	1.0	0	EXACT_KNOWN_POSITIVE	reject from new-candidate ranking; keep only as positive/leakage control	10	computational perturbation/leakage control; not an experimentally confirmed negative
23	mut_23_20H5_cdr3_cons_F99Y	20H5	20	mutant	single_conservative_cdr3	F99Y	CDR3	small CDR3 perturbation; should test whether the workflow is overly brittle to conservative substitutions	121	26-33	51-57	96-110	EVQLVESGGGLVQPGGSLRLSCAASGYTSRTDCMGWFRQAPGKEHEGVAHIDSDGIPRYVDSVKGRFTISQDHAKNSLYLQMNSLRAEDTAVYYCVVGYKFDEDYCAPNDWGQGTMVTVSS	/mnt/d/work/抗体/docking/calibration/mutant_validation_panel/workdirs/mut_23_20H5_cdr3_cons_F99Y	local scaffold -> node1 NanoBodyBuilder2 -> HADDOCK3 -> 8X6B/9E6Y postprocess	yes	yes	yes	yes	yes	yes	yes	9	0	3	4	2	/mnt/d/work/抗体/docking/calibration/mutant_validation_panel/workdirs/mut_23_20H5_cdr3_cons_F99Y	mut_23_20H5_cdr3_cons_F99Y	121	20H5	121	0.991736	1	NEAR_KNOWN_POSITIVE	treat as leakage/perturbation control unless explicitly approved as a mutant-validation row	7	computational perturbation/leakage control; not an experimentally confirmed negative
24	mut_24_20H5_cdr3_arom_F99A	20H5	20	mutant	single_aromatic_to_alanine_cdr3	F99A	CDR3	paratope-disruptive single substitution; should usually weaken retained blocker-like geometry after real docking	121	26-33	51-57	96-110	EVQLVESGGGLVQPGGSLRLSCAASGYTSRTDCMGWFRQAPGKEHEGVAHIDSDGIPRYVDSVKGRFTISQDHAKNSLYLQMNSLRAEDTAVYYCVVGAKFDEDYCAPNDWGQGTMVTVSS	/mnt/d/work/抗体/docking/calibration/mutant_validation_panel/workdirs/mut_24_20H5_cdr3_arom_F99A	local scaffold -> node1 NanoBodyBuilder2 -> HADDOCK3 -> 8X6B/9E6Y postprocess	yes	yes	yes	yes	yes	yes	yes	10	1	8	1	0	/mnt/d/work/抗体/docking/calibration/mutant_validation_panel/workdirs/mut_24_20H5_cdr3_arom_F99A	mut_24_20H5_cdr3_arom_F99A	121	20H5	121	0.991736	1	NEAR_KNOWN_POSITIVE	treat as leakage/perturbation control unless explicitly approved as a mutant-validation row	10	computational perturbation/leakage control; not an experimentally confirmed negative
25	mut_25_20H5_cdr3_center_ala_scan	20H5	20	mutant	multi_cdr3_alanine_scan	D102A;E103A;D104A	CDR3	strong CDR3 perturbation; negative/fragility control for sequence-to-docking ranking	121	26-33	51-57	96-110	EVQLVESGGGLVQPGGSLRLSCAASGYTSRTDCMGWFRQAPGKEHEGVAHIDSDGIPRYVDSVKGRFTISQDHAKNSLYLQMNSLRAEDTAVYYCVVGFKFAAAYCAPNDWGQGTMVTVSS	/mnt/d/work/抗体/docking/calibration/mutant_validation_panel/workdirs/mut_25_20H5_cdr3_center_ala_scan	local scaffold -> node1 NanoBodyBuilder2 -> HADDOCK3 -> 8X6B/9E6Y postprocess	yes	yes	yes	yes	yes	yes	yes	10	0	7	3	0	/mnt/d/work/抗体/docking/calibration/mutant_validation_panel/workdirs/mut_25_20H5_cdr3_center_ala_scan	mut_25_20H5_cdr3_center_ala_scan	121	20H5	121	0.975207	3	NEAR_KNOWN_POSITIVE	treat as leakage/perturbation control unless explicitly approved as a mutant-validation row	10	computational perturbation/leakage control; not an experimentally confirmed negative
26	mut_26_20H5_fw_cons_D61E	20H5	20	mutant	single_conservative_framework	D61E	no	framework plumbing control; CDR ranges should remain stable and ranking should not be driven by sequence parser artifacts	121	26-33	51-57	96-110	EVQLVESGGGLVQPGGSLRLSCAASGYTSRTDCMGWFRQAPGKEHEGVAHIDSDGIPRYVESVKGRFTISQDHAKNSLYLQMNSLRAEDTAVYYCVVGFKFDEDYCAPNDWGQGTMVTVSS	/mnt/d/work/抗体/docking/calibration/mutant_validation_panel/workdirs/mut_26_20H5_fw_cons_D61E	local scaffold -> node1 NanoBodyBuilder2 -> HADDOCK3 -> 8X6B/9E6Y postprocess	yes	yes	yes	yes	yes	yes	yes	10	0	3	5	2	/mnt/d/work/抗体/docking/calibration/mutant_validation_panel/workdirs/mut_26_20H5_fw_cons_D61E	mut_26_20H5_fw_cons_D61E	121	20H5	121	0.991736	1	NEAR_KNOWN_POSITIVE	treat as leakage/perturbation control unless explicitly approved as a mutant-validation row	8	computational perturbation/leakage control; not an experimentally confirmed negative
27	mut_27_30H2_base_reference	30H2	30	base_reference	unmutated_positive_control	none	no	known positive/control leakage anchor; not a new design candidate	121	26-33	52-58	97-110	EVQLVESGGGLVQPGGSLRLSCAASGFTFSGDCMGWFRQAPGKGLDEGVATIDNAGRIKYADSVKGRFTISRDNAKNSLYLQMNSLRAEDTAVYYCAAGWTFGGQCSPADWGQGTQVTVSS	/mnt/d/work/抗体/docking/calibration/mutant_validation_panel/workdirs/mut_27_30H2_base_reference	local scaffold -> node1 NanoBodyBuilder2 -> HADDOCK3 -> 8X6B/9E6Y postprocess	yes	yes	yes	yes	yes	yes	yes	10	0	3	5	2	/mnt/d/work/抗体/docking/calibration/mutant_validation_panel/workdirs/mut_27_30H2_base_reference	mut_27_30H2_base_reference	121	30H2	121	1.0	0	EXACT_KNOWN_POSITIVE	reject from new-candidate ranking; keep only as positive/leakage control	8	computational perturbation/leakage control; not an experimentally confirmed negative
28	mut_28_30H2_cdr3_cons_T101S	30H2	30	mutant	single_conservative_cdr3	T101S	CDR3	small CDR3 perturbation; should test whether the workflow is overly brittle to conservative substitutions	121	26-33	52-58	97-110	EVQLVESGGGLVQPGGSLRLSCAASGFTFSGDCMGWFRQAPGKGLDEGVATIDNAGRIKYADSVKGRFTISRDNAKNSLYLQMNSLRAEDTAVYYCAAGWSFGGQCSPADWGQGTQVTVSS	/mnt/d/work/抗体/docking/calibration/mutant_validation_panel/workdirs/mut_28_30H2_cdr3_cons_T101S	local scaffold -> node1 NanoBodyBuilder2 -> HADDOCK3 -> 8X6B/9E6Y postprocess	yes	yes	yes	yes	yes	yes	yes	10	0	1	8	1	/mnt/d/work/抗体/docking/calibration/mutant_validation_panel/workdirs/mut_28_30H2_cdr3_cons_T101S	mut_28_30H2_cdr3_cons_T101S	121	30H2	121	0.991736	1	NEAR_KNOWN_POSITIVE	treat as leakage/perturbation control unless explicitly approved as a mutant-validation row	9	computational perturbation/leakage control; not an experimentally confirmed negative
29	mut_29_30H2_cdr3_arom_W100A	30H2	30	mutant	single_aromatic_to_alanine_cdr3	W100A	CDR3	paratope-disruptive single substitution; should usually weaken retained blocker-like geometry after real docking	121	26-33	52-58	97-110	EVQLVESGGGLVQPGGSLRLSCAASGFTFSGDCMGWFRQAPGKGLDEGVATIDNAGRIKYADSVKGRFTISRDNAKNSLYLQMNSLRAEDTAVYYCAAGATFGGQCSPADWGQGTQVTVSS	/mnt/d/work/抗体/docking/calibration/mutant_validation_panel/workdirs/mut_29_30H2_cdr3_arom_W100A	local scaffold -> node1 NanoBodyBuilder2 -> HADDOCK3 -> 8X6B/9E6Y postprocess	yes	yes	yes	yes	yes	yes	yes	9	0	0	9	0	/mnt/d/work/抗体/docking/calibration/mutant_validation_panel/workdirs/mut_29_30H2_cdr3_arom_W100A	mut_29_30H2_cdr3_arom_W100A	121	30H2	121	0.991736	1	NEAR_KNOWN_POSITIVE	treat as leakage/perturbation control unless explicitly approved as a mutant-validation row	9	computational perturbation/leakage control; not an experimentally confirmed negative
30	mut_30_30H2_cdr3_center_ala_scan	30H2	30	mutant	multi_cdr3_alanine_scan	F102A;G103A;G104A	CDR3	strong CDR3 perturbation; negative/fragility control for sequence-to-docking ranking	121	26-33	52-58	97-110	EVQLVESGGGLVQPGGSLRLSCAASGFTFSGDCMGWFRQAPGKGLDEGVATIDNAGRIKYADSVKGRFTISRDNAKNSLYLQMNSLRAEDTAVYYCAAGWTAAAQCSPADWGQGTQVTVSS	/mnt/d/work/抗体/docking/calibration/mutant_validation_panel/workdirs/mut_30_30H2_cdr3_center_ala_scan	local scaffold -> node1 NanoBodyBuilder2 -> HADDOCK3 -> 8X6B/9E6Y postprocess	yes	yes	yes	yes	yes	yes	yes	10	0	4	4	2	/mnt/d/work/抗体/docking/calibration/mutant_validation_panel/workdirs/mut_30_30H2_cdr3_center_ala_scan	mut_30_30H2_cdr3_center_ala_scan	121	30H2	121	0.975207	3	NEAR_KNOWN_POSITIVE	treat as leakage/perturbation control unless explicitly approved as a mutant-validation row	8	computational perturbation/leakage control; not an experimentally confirmed negative
31	mut_31_30H2_fw_cons_Y60F	30H2	30	mutant	single_conservative_framework	Y60F	no	framework plumbing control; CDR ranges should remain stable and ranking should not be driven by sequence parser artifacts	121	26-33	52-58	97-110	EVQLVESGGGLVQPGGSLRLSCAASGFTFSGDCMGWFRQAPGKGLDEGVATIDNAGRIKFADSVKGRFTISRDNAKNSLYLQMNSLRAEDTAVYYCAAGWTFGGQCSPADWGQGTQVTVSS	/mnt/d/work/抗体/docking/calibration/mutant_validation_panel/workdirs/mut_31_30H2_fw_cons_Y60F	local scaffold -> node1 NanoBodyBuilder2 -> HADDOCK3 -> 8X6B/9E6Y postprocess	yes	yes	yes	yes	yes	yes	yes	10	0	3	7	0	/mnt/d/work/抗体/docking/calibration/mutant_validation_panel/workdirs/mut_31_30H2_fw_cons_Y60F	mut_31_30H2_fw_cons_Y60F	121	30H2	121	0.991736	1	NEAR_KNOWN_POSITIVE	treat as leakage/perturbation control unless explicitly approved as a mutant-validation row	10	computational perturbation/leakage control; not an experimentally confirmed negative
32	mut_32_39H4_base_reference	39H4	39	base_reference	unmutated_positive_control	none	no	known positive/control leakage anchor; not a new design candidate	120	26-33	51-57	96-109	EVQLVESGGGLVQPGGSLRLSCAASGYTSRTDCMGWFRQAPGKGLEGVAHIDSDGIPRYVESVKGRFTISQDHAKNSLYLQMNSLRAEDTAVYYCVVGFKFGDYCAPNDWGQGTMVTVSS	/mnt/d/work/抗体/docking/calibration/mutant_validation_panel/workdirs/mut_32_39H4_base_reference	local scaffold -> node1 NanoBodyBuilder2 -> HADDOCK3 -> 8X6B/9E6Y postprocess	yes	yes	yes	yes	yes	yes	yes	10	0	3	6	1	/mnt/d/work/抗体/docking/calibration/mutant_validation_panel/workdirs/mut_32_39H4_base_reference	mut_32_39H4_base_reference	120	39H4	120	1.0	0	EXACT_KNOWN_POSITIVE	reject from new-candidate ranking; keep only as positive/leakage control	9	computational perturbation/leakage control; not an experimentally confirmed negative
33	mut_33_39H4_cdr3_cons_F99Y	39H4	39	mutant	single_conservative_cdr3	F99Y	CDR3	small CDR3 perturbation; should test whether the workflow is overly brittle to conservative substitutions	120	26-33	51-57	96-109	EVQLVESGGGLVQPGGSLRLSCAASGYTSRTDCMGWFRQAPGKGLEGVAHIDSDGIPRYVESVKGRFTISQDHAKNSLYLQMNSLRAEDTAVYYCVVGYKFGDYCAPNDWGQGTMVTVSS	/mnt/d/work/抗体/docking/calibration/mutant_validation_panel/workdirs/mut_33_39H4_cdr3_cons_F99Y	local scaffold -> node1 NanoBodyBuilder2 -> HADDOCK3 -> 8X6B/9E6Y postprocess	yes	yes	yes	yes	yes	yes	yes	10	0	3	7	0	/mnt/d/work/抗体/docking/calibration/mutant_validation_panel/workdirs/mut_33_39H4_cdr3_cons_F99Y	mut_33_39H4_cdr3_cons_F99Y	120	39H4	120	0.991667	1	NEAR_KNOWN_POSITIVE	treat as leakage/perturbation control unless explicitly approved as a mutant-validation row	10	computational perturbation/leakage control; not an experimentally confirmed negative
34	mut_34_39H4_cdr3_arom_F99A	39H4	39	mutant	single_aromatic_to_alanine_cdr3	F99A	CDR3	paratope-disruptive single substitution; should usually weaken retained blocker-like geometry after real docking	120	26-33	51-57	96-109	EVQLVESGGGLVQPGGSLRLSCAASGYTSRTDCMGWFRQAPGKGLEGVAHIDSDGIPRYVESVKGRFTISQDHAKNSLYLQMNSLRAEDTAVYYCVVGAKFGDYCAPNDWGQGTMVTVSS	/mnt/d/work/抗体/docking/calibration/mutant_validation_panel/workdirs/mut_34_39H4_cdr3_arom_F99A	local scaffold -> node1 NanoBodyBuilder2 -> HADDOCK3 -> 8X6B/9E6Y postprocess	yes	yes	yes	yes	yes	yes	yes	10	0	5	4	1	/mnt/d/work/抗体/docking/calibration/mutant_validation_panel/workdirs/mut_34_39H4_cdr3_arom_F99A	mut_34_39H4_cdr3_arom_F99A	120	39H4	120	0.991667	1	NEAR_KNOWN_POSITIVE	treat as leakage/perturbation control unless explicitly approved as a mutant-validation row	9	computational perturbation/leakage control; not an experimentally confirmed negative
35	mut_35_39H4_cdr3_center_ala_scan	39H4	39	mutant	multi_cdr3_alanine_scan	F101A;G102A;D103A	CDR3	strong CDR3 perturbation; negative/fragility control for sequence-to-docking ranking	120	26-33	51-57	96-109	EVQLVESGGGLVQPGGSLRLSCAASGYTSRTDCMGWFRQAPGKGLEGVAHIDSDGIPRYVESVKGRFTISQDHAKNSLYLQMNSLRAEDTAVYYCVVGFKAAAYCAPNDWGQGTMVTVSS	/mnt/d/work/抗体/docking/calibration/mutant_validation_panel/workdirs/mut_35_39H4_cdr3_center_ala_scan	local scaffold -> node1 NanoBodyBuilder2 -> HADDOCK3 -> 8X6B/9E6Y postprocess	yes	yes	yes	yes	yes	yes	yes	10	1	2	7	0	/mnt/d/work/抗体/docking/calibration/mutant_validation_panel/workdirs/mut_35_39H4_cdr3_center_ala_scan	mut_35_39H4_cdr3_center_ala_scan	120	39H4	120	0.975	3	NEAR_KNOWN_POSITIVE	treat as leakage/perturbation control unless explicitly approved as a mutant-validation row	10	computational perturbation/leakage control; not an experimentally confirmed negative
36	mut_36_39H4_fw_cons_Y59F	39H4	39	mutant	single_conservative_framework	Y59F	no	framework plumbing control; CDR ranges should remain stable and ranking should not be driven by sequence parser artifacts	120	26-33	51-57	96-109	EVQLVESGGGLVQPGGSLRLSCAASGYTSRTDCMGWFRQAPGKGLEGVAHIDSDGIPRFVESVKGRFTISQDHAKNSLYLQMNSLRAEDTAVYYCVVGFKFGDYCAPNDWGQGTMVTVSS	/mnt/d/work/抗体/docking/calibration/mutant_validation_panel/workdirs/mut_36_39H4_fw_cons_Y59F	local scaffold -> node1 NanoBodyBuilder2 -> HADDOCK3 -> 8X6B/9E6Y postprocess	yes	yes	yes	yes	yes	yes	yes	10	0	2	8	0	/mnt/d/work/抗体/docking/calibration/mutant_validation_panel/workdirs/mut_36_39H4_fw_cons_Y59F	mut_36_39H4_fw_cons_Y59F	120	39H4	120	0.991667	1	NEAR_KNOWN_POSITIVE	treat as leakage/perturbation control unless explicitly approved as a mutant-validation row	10	computational perturbation/leakage control; not an experimentally confirmed negative
