candidate_id	sequence	length	standard_aa_only	official_validator_pass	official_validator_failed_reason	ANARCI_status	imgt_chain_type	IMGT_CDR1	IMGT_CDR2	IMGT_CDR3	CDR1_length	CDR2_length	CDR3_length	max_CDR_identity_to_positive	nearest_positive_name	pass_similarity_filter	novelty_margin_flag	max_team_identity	nearest_team_neighbor	intra_team_cluster_id	intra_team_cluster_size	fr2_hallmark_score	single_domain_suitability	AbNatiV_VHH_score	has_unusual_cysteine	has_N_glycosylation_motif	deamidation_risk_count	oxidation_risk_count	isomerization_risk_count	clipping_risk_count	pI	net_charge_pH7	MW	GRAVY	instability_index	TNP_flags	structure_quality_flag	FR_RMSD_cross_tool	binding_score	PVRIG_interface_contact_score	PVRL2_competition_score	blocker_class	developability_score	expression_purity_risk_score	structure_score	novelty_score	diversity_score	initial_screen_proxy_score	rescreen_proxy_score	hard_fail	recommendation	reason_summary	final_score	rank	external_binder_score	external_binder_status	cascade_full_rank	global_diversity_status	global_intra_team_cluster_id	global_intra_team_cluster_size	global_max_team_identity	global_nearest_team_neighbor	geometry_rank	geometry_status	final_blocker_label	docking_evidence_status	final_rank
zym_test_359954	QVQLVESGGGSVQAGGSLRLSCTASSYPIYNHYNPRSNLGWFRQAPGQEREAVAAYFGYIGCNNCYYADSVKGRFTISRDNAKNTVTLQMNNLKPEDTAIYYCDGYDNNCDSCHSNDYMWGQGTQVTVSS	130	True	PASS		True	H	SYPIYNHYNPRSN	YFGYIGCNNC	DGYDNNCDSCHSNDYM	13	10	16	0.300000	CPA.7.010	PASS	SAFE			DEFERRED_00000001	1	0.75	borderline	0.6029149347817082	True	False	1	4	4	0	5.532	-2.544	14354.538	-0.6062	51.868	/////	SKIPPED		50.00		50.00	NOT_RUN	22.00	30.00	60.00	100.00	100.00	44.00	50.00	False	REVIEW_DEVELOPABILITY	hydrophobic_run	49.90	29	1.000000	AVAILABLE	1	COMPUTED_ON_GEOMETRY_POOL	C0010	1	0.753846	zym_test_3633872	1	NEEDS_STRUCTURE_AND_DOCKING	FINAL_INCOMPLETE_NEEDS_DOCKING	MISSING	1
zym_test_3633872	QVQLVESGGGSVQAGGSLRLSCTASHTHCYNHHDDYCDLGWFRQAPGQEREAVAASGNYLSLASGYYADSVKGRFTISRDNAKNTVTLQMNNLKPEDTAIYYCTAWNSDHDSDHDRSNYWGQGTQVTVSS	130	True	PASS		True	H	HTHCYNHHDDYCD	SGNYLSLASG	TAWNSDHDSDHDRSNY	13	10	16	0.300000	ADI-56145	PASS	SAFE			DEFERRED_00000002	1	0.75	borderline	0.659328043029196	True	False	2	4	4	0	5.543	-5.34	14271.219	-0.7077	37.103	/////	NOT_RUN		50.00		50.00	NOT_RUN	53.00	80.00	60.00	100.00	100.00	59.00	50.00	False	REVIEW_RISK	score_review	63.60	10	0.938776	AVAILABLE	2	COMPUTED_ON_GEOMETRY_POOL	C0011	1	0.753846	zym_test_359954	2	NEEDS_STRUCTURE_AND_DOCKING	FINAL_INCOMPLETE_NEEDS_DOCKING	MISSING	2
zym_test_8787	QVQLVESGGGSVQAGGSLRLSCTASNNLYYSNDNAAHHLGWFRQAPGQEREAVAASHDYIYDQVCYYADSVKGRFTISRDNAKNTVTLQMNNLKPEDTAIYYCYYSYINYSISPFNCNYWGQGTQVTVSS	130	True	PASS		True	H	NNLYYSNDNAAHH	SHDYIYDQVC	YYSYINYSISPFNCNY	13	10	16	0.235294	CPA.7.010	PASS	SAFE			DEFERRED_00000003	1	0.75	borderline	0.6312967818657158	True	True	1	3	2	0	5.828	-2.464	14509.706	-0.5031	36.896	/////	NOT_RUN		50.00		50.00	NOT_RUN	51.00	80.00	60.00	100.00	100.00	59.00	50.00	False	REVIEW_RISK	score_review	63.20	11	0.918367	AVAILABLE	3	COMPUTED_ON_GEOMETRY_POOL	C0024	1	0.753846	zym_test_359954	3	NEEDS_STRUCTURE_AND_DOCKING	FINAL_INCOMPLETE_NEEDS_DOCKING	MISSING	3
zym_test_108006	QVQLVESGGGSVQAGGSLRLSCTASNSNTWNSNDYSSILGWFRQAPGQEREAVAAIYVYDEAGQHYYADSVKGRFTISRDNAKNTVTLQMNNLKPEDTAIYYCVRGYFMRLPSSHNFRYWGQGTQVTVSS	130	True	PASS		True	H	NSNTWNSNDYSSI	IYVYDEAGQH	VRGYFMRLPSSHNFRY	13	10	16	0.400000	ADI-56204	PASS	SAFE			DEFERRED_00000004	1	0.75	good	0.7138892261898521	False	False	4	5	2	0	7.964	0.559	14449.726	-0.5315	38.558	/////	SKIPPED		50.00		50.00	NOT_RUN	43.00	65.00	60.00	100.00	100.00	54.50	50.00	False	REVIEW_DEVELOPABILITY	hydrophobic_run	59.35	14	0.897959	AVAILABLE	4	COMPUTED_ON_GEOMETRY_POOL	C0001	3	1.000000	zym_test_381083	4	NEEDS_STRUCTURE_AND_DOCKING	FINAL_INCOMPLETE_NEEDS_DOCKING	MISSING	4
zym_test_665332	QVQLVESGGGSVQAGGSLRLSCTASNYNHNYGYSSITCLGWFRQAPGQEREAVAANYTQDFYQYSYYADSVKGRFTISRDNAKNTVTLQMNNLKPEDTAIYYCHDSNSYNCNHDNDSDPWGQGTQVTVSS	130	True	PASS		True	H	NYNHNYGYSSITC	NYTQDFYQYS	HDSNSYNCNHDNDSDP	13	10	16	0.357143	20H4	PASS	SAFE			DEFERRED_00000005	1	0.75	borderline	0.6941631490821223	True	True	2	3	4	1	5.117	-4.458	14421.343	-0.7692	40.669	/////	NOT_RUN		50.00		50.00	NOT_RUN	34.00	72.00	60.00	100.00	100.00	56.60	50.00	False	REVIEW_RISK	score_review	58.60	15	0.877551	AVAILABLE	5	COMPUTED_ON_GEOMETRY_POOL	C0018	1	0.792308	zym_test_381993	5	NEEDS_STRUCTURE_AND_DOCKING	FINAL_INCOMPLETE_NEEDS_DOCKING	MISSING	5
zym_test_21705	QVQLVESGGGSVQAGGSLRLSCTASDDYYSPYYSDAYPLGWFRQAPGQEREAVAANDNADYDESDYYADSVKGRFTISRDNAKNTVTLQMNNLKPEDTAIYYCSATNTWSHKSDHHYFYWGQGTQVTVSS	130	True	PASS		True	H	DDYYSPYYSDAYP	NDNADYDESD	SATNTWSHKSDHHYFY	13	10	16	0.300000	30	PASS	SAFE			DEFERRED_00000006	1	0.75	borderline	0.6883579945937968	False	False	2	4	3	0	4.661	-7.411	14480.357	-0.7762	43.391	/////	NOT_RUN		50.00		50.00	NOT_RUN	70.00	77.00	60.00	100.00	100.00	58.10	50.00	False	REVIEW_DEVELOPABILITY	developability_warn	66.55	5	0.795918	AVAILABLE	6	COMPUTED_ON_GEOMETRY_POOL	C0006	1	0.753846	zym_test_7686	6	NEEDS_STRUCTURE_AND_DOCKING	FINAL_INCOMPLETE_NEEDS_DOCKING	MISSING	6
zym_test_3420679	QVQLVESGGGSVQAGGSLRLSCTASHFYNNFDYNLNSGLGWFRQAPGQEREAVAASDGSGFTYTIYYADSVKGRFTISRDNAKNTVTLQMNNLKPEDTAIYYCFSYFAAHYYVYAKIYTWGQGTQVTVSS	130	True	PASS		True	H	HFYNNFDYNLNSG	SDGSGFTYTI	FSYFAAHYYVYAKIYT	13	10	16	0.300000	30	PASS	SAFE			DEFERRED_00000007	1	0.75	borderline	0.6387399643726803	False	False	2	3	3	0	6.908	-0.452	14382.644	-0.3438	33.872	/////	SKIPPED		50.00		50.00	NOT_RUN	37.00	65.00	60.00	100.00	100.00	54.50	50.00	False	REVIEW_DEVELOPABILITY	hydrophobic_run	58.15	16	0.775510	AVAILABLE	7	COMPUTED_ON_GEOMETRY_POOL	C0009	1	0.753846	zym_test_3361596	7	NEEDS_STRUCTURE_AND_DOCKING	FINAL_INCOMPLETE_NEEDS_DOCKING	MISSING	7
zym_test_6847	QVQLVESGGGSVQAGGSLRLSCTASFSCLNDSSYYYPSLGWFRQAPGQEREAVAADAQFFGCYYDYYADSVKGRFTISRDNAKNTVTLQMNNLKPEDTAIYYCNNQPNDDHYDVYDHNSWGQGTQVTVSS	130	True	PASS		True	H	FSCLNDSSYYYPS	DAQFFGCYYD	NNQPNDDHYDVYDHNS	13	10	16	0.307692	CPA.7.028	PASS	SAFE			DEFERRED_00000008	1	0.75	borderline	0.5889032386423674	True	True	2	3	4	0	4.578	-6.494	14444.457	-0.6292	52.552	/////	NOT_RUN		50.00		50.00	NOT_RUN	45.00	50.00	60.00	100.00	100.00	50.00	50.00	False	REVIEW_RISK	score_review	57.50	17	0.755102	AVAILABLE	8	COMPUTED_ON_GEOMETRY_POOL	C0020	1	0.769231	zym_test_13444	8	NEEDS_STRUCTURE_AND_DOCKING	FINAL_INCOMPLETE_NEEDS_DOCKING	MISSING	8
zym_test_6720	QVQLVESGGGSVQAGGSLRLSCTASDFEVSSYQHPYLGLGWFRQAPGQEREAVAAFGVGYAYKFDYYADSVKGRFTISRDNAKNTVTLQMNNLKPEDTAIYYCDNHDCCNAYFYHYNYYWGQGTQVTVSS	130	True	PASS		True	H	DFEVSSYQHPYLG	FGVGYAYKFD	DNHDCCNAYFYHYNYY	13	10	16	0.384615	CPA.7.015	PASS	SAFE			DEFERRED_00000009	1	0.75	borderline	0.6491469844887483	True	False	1	3	2	0	5.465	-3.465	14536.771	-0.4769	41.182	/////	SKIPPED		50.00		50.00	NOT_RUN	26.00	37.00	60.00	100.00	100.00	46.10	50.00	False	REVIEW_DEVELOPABILITY	hydrophobic_run	51.75	27	0.734694	AVAILABLE	9	COMPUTED_ON_GEOMETRY_POOL	C0019	1	0.769231	zym_test_7332	9	NEEDS_STRUCTURE_AND_DOCKING	FINAL_INCOMPLETE_NEEDS_DOCKING	MISSING	9
zym_test_437	QVQLVESGGGSVQAGGSLRLSCTASYNYYHRDHQNSYDLGWFRQAPGQEREAVAAQHANQVYCSDYYADSVKGRFTISRDNAKNTVTLQMNNLKPEDTAIYYCPLNTHYGHQQVNCNYLWGQGTQVTVSS	130	True	PASS		True	H	YNYYHRDHQNSYD	QHANQVYCSD	PLNTHYGHQQVNCNYL	13	10	16	0.214286	ADI-56204	PASS	SAFE			DEFERRED_00000010	1	0.75	borderline	0.6333560742433346	True	False	3	3	2	0	6.546	-1.385	14563.725	-0.7154	38.604	/////	NOT_RUN		50.00		50.00	NOT_RUN	55.00	80.00	60.00	100.00	100.00	59.00	50.00	False	REVIEW_RISK	score_review	64.00	8	0.714286	AVAILABLE	10	COMPUTED_ON_GEOMETRY_POOL	C0014	1	0.753846	zym_test_3809	10	NEEDS_STRUCTURE_AND_DOCKING	FINAL_INCOMPLETE_NEEDS_DOCKING	MISSING	10
zym_test_7686	QVQLVESGGGSVQAGGSLRLSCTASNYFTDYYNNQIYSLGWFRQAPGQEREAVAANCNSYTCYSPYYADSVKGRFTISRDNAKNTVTLQMNNLKPEDTAIYYCNNYLVTYDSVMHIYGAWGQGTQVTVSS	130	True	PASS		True	H	NYFTDYYNNQIYS	NCNSYTCYSP	NNYLVTYDSVMHIYGA	13	10	16	0.300000	ADI-56145	PASS	SAFE			DEFERRED_00000011	1	0.75	borderline	0.6024116566894795	True	False	2	4	3	0	5.675	-1.537	14439.717	-0.4415	42.572	/////	NOT_RUN		50.00		50.00	NOT_RUN	55.00	72.00	60.00	100.00	100.00	56.60	50.00	False	REVIEW_RISK	score_review	62.80	13	0.591837	AVAILABLE	11	COMPUTED_ON_GEOMETRY_POOL	C0023	1	0.761538	zym_test_9290	11	NEEDS_STRUCTURE_AND_DOCKING	FINAL_INCOMPLETE_NEEDS_DOCKING	MISSING	11
zym_test_13444	QVQLVESGGGSVQAGGSLRLSCTASNNSVNFSLAANYSLGWFRQAPGQEREAVAAYEDNWYYHYSYYADSVKGRFTISRDNAKNTVTLQMNNLKPEDTAIYYCYGYPPGDFPAVYSDGSWGQGTQVTVSS	130	True	PASS		True	H	NNSVNFSLAANYS	YEDNWYYHYS	YGYPPGDFPAVYSDGS	13	10	16	0.238095	CPA.7.023	PASS	SAFE			DEFERRED_00000012	1	0.75	borderline	0.658226353375361	False	True	2	4	3	0	4.904	-3.484	14255.329	-0.5115	37.721	/////	SKIPPED		50.00		50.00	NOT_RUN	17.00	50.00	60.00	100.00	100.00	50.00	50.00	False	REVIEW_DEVELOPABILITY	hydrophobic_run	51.90	26	0.489796	AVAILABLE	12	COMPUTED_ON_GEOMETRY_POOL	C0003	1	0.769231	zym_test_6847	12	NEEDS_STRUCTURE_AND_DOCKING	FINAL_INCOMPLETE_NEEDS_DOCKING	MISSING	12
zym_test_65534	QVQLVESGGGSVQAGGSLRLSCTASDGYYSQKRNYYNYLGWFRQAPGQEREAVAAYDYNDTENDYYYADSVKGRFTISRDNAKNTVTLQMNNLKPEDTAIYYCYSYYYYYSNNSYDSHGWGQGTQVTVSS	130	True	PASS		True	H	DGYYSQKRNYYNY	YDYNDTENDY	YSYYYYYSNNSYDSHG	13	10	16	0.384615	CPA.7.019	PASS	SAFE			DEFERRED_00000013	1	0.75	borderline	0.6789425416646047	False	True	2	3	5	0	4.961	-3.504	14814.725	-0.8846	47.098	/////	SKIPPED		50.00		50.00	NOT_RUN	19.00	42.00	60.00	100.00	100.00	47.60	50.00	False	REVIEW_DEVELOPABILITY	hydrophobic_run	51.10	28	0.469388	AVAILABLE	13	COMPUTED_ON_GEOMETRY_POOL	C0017	1	0.761538	zym_test_3809	13	NEEDS_STRUCTURE_AND_DOCKING	FINAL_INCOMPLETE_NEEDS_DOCKING	MISSING	13
zym_test_6516	QVQLVESGGGSVQAGGSLRLSCTASKHHPHYYFSYLYDLGWFRQAPGQEREAVAASFDPHANNTSYYADSVKGRFTISRDNAKNTVTLQMNNLKPEDTAIYYCNHNTNSWYDYYSNYDHWGQGTQVTVSS	130	True	PASS		True	H	KHHPHYYFSYLYD	SFDPHANNTS	NHNTNSWYDYYSNYDH	13	10	16	0.300000	CPA.7.004	PASS	SAFE			DEFERRED_00000014	1	0.75	borderline	0.655396789842819	False	True	4	4	2	1	6.292	-2.304	14675.718	-0.7669	41.175	/////	NOT_RUN		50.00		50.00	NOT_RUN	57.00	92.00	60.00	100.00	100.00	62.60	50.00	False	REVIEW_RISK	score_review	66.20	7	0.428571	AVAILABLE	14	COMPUTED_ON_GEOMETRY_POOL	C0016	1	0.753846	zym_test_13827	14	NEEDS_STRUCTURE_AND_DOCKING	FINAL_INCOMPLETE_NEEDS_DOCKING	MISSING	14
zym_test_381083	QVQLVESGGGSVQAGGSLRLSCTASTDNASAYHNQANDLGWFRQAPGQEREAVAAYVGWSSSQYHYYADSVKGRFTISRDNAKNTVTLQMNNLKPEDTAIYYCVRGYFMRLPSSHNFRYWGQGTQVTVSS	130	True	PASS		True	H	TDNASAYHNQAND	YVGWSSSQYH	VRGYFMRLPSSHNFRY	13	10	16	0.294118	ADI-56145	PASS	SAFE			DEFERRED_00000015	1	0.75	borderline	0.6853035110399964	False	True	1	5	2	0	8.623	1.595	14387.618	-0.5708	42.514	/////	SKIPPED		50.00		50.00	NOT_RUN	33.00	57.00	60.00	100.00	100.00	52.10	50.00	False	REVIEW_DEVELOPABILITY	hydrophobic_run	56.15	21	0.408163	AVAILABLE	15	COMPUTED_ON_GEOMETRY_POOL	C0001	3	1.000000	zym_test_108006	15	NEEDS_STRUCTURE_AND_DOCKING	FINAL_INCOMPLETE_NEEDS_DOCKING	MISSING	15
zym_test_13827	QVQLVESGGGSVQAGGSLRLSCTASYTINNAYAYYEYHLGWFRQAPGQEREAVAAWQDNSECAYGYYADSVKGRFTISRDNAKNTVTLQMNNLKPEDTAIYYCCNNYVHFNYYYGTTFDWGQGTQVTVSS	130	True	PASS		True	H	YTINNAYAYYEYH	WQDNSECAYG	CNNYVHFNYYYGTTFD	13	10	16	0.312500	CPA.7.014	PASS	SAFE			DEFERRED_00000016	1	0.75	borderline	0.6283300807588816	True	False	2	4	2	0	5.19	-3.501	14601.757	-0.5438	39.784	/////	SKIPPED		50.00		50.00	NOT_RUN	24.00	45.00	60.00	100.00	100.00	48.50	50.00	False	REVIEW_DEVELOPABILITY	hydrophobic_run	52.55	24	0.387755	AVAILABLE	16	COMPUTED_ON_GEOMETRY_POOL	C0004	1	0.753846	zym_test_6847	16	NEEDS_STRUCTURE_AND_DOCKING	FINAL_INCOMPLETE_NEEDS_DOCKING	MISSING	16
zym_test_16483	QVQLVESGGGSVQAGGSLRLSCTASPYDNNSRDGFFNYLGWFRQAPGQEREAVAADSSHGNGAHYYYADSVKGRFTISRDNAKNTVTLQMNNLKPEDTAIYYCVRGYFMRLPSSHNFRYWGQGTQVTVSS	130	True	PASS		True	H	PYDNNSRDGFFNY	DSSHGNGAHY	VRGYFMRLPSSHNFRY	13	10	16	0.300000	ADI-56145	PASS	SAFE			DEFERRED_00000017	1	0.75	borderline	0.6970009880741714	False	True	3	4	4	0	8.622	1.595	14406.623	-0.6223	41.242	/////	NOT_RUN		50.00		50.00	NOT_RUN	58.00	92.00	60.00	100.00	100.00	62.60	50.00	False	REVIEW_RISK	score_review	66.40	6	0.367347	AVAILABLE	17	COMPUTED_ON_GEOMETRY_POOL	C0001	3	1.000000	zym_test_108006	17	NEEDS_STRUCTURE_AND_DOCKING	FINAL_INCOMPLETE_NEEDS_DOCKING	MISSING	17
zym_test_2596311	QVQLVESGGGSVQAGGSLRLSCTASADISNYNSTKSNYLGWFRQAPGQEREAVAATHYAYDDHNSYYADSVKGRFTISRDNAKNTVTLQMNNLKPEDTAIYYCFPYGFNHYDHHPHNHHWGQGTQVTVSS	130	True	PASS		True	H	ADISNYNSTKSNY	THYAYDDHNS	FPYGFNHYDHHPHNHH	13	10	16	0.357143	CPA.7.019	PASS	SAFE			DEFERRED_00000018	1	0.75	borderline	0.6264649720923957	False	True	3	3	3	0	6.451	-2.226	14478.492	-0.7669	46.167	/////	NOT_RUN		50.00		50.00	NOT_RUN	60.00	92.00	60.00	100.00	100.00	62.60	50.00	False	REVIEW_RISK	score_review	66.80	3	0.346939	AVAILABLE	18	COMPUTED_ON_GEOMETRY_POOL	C0007	1	0.761538	zym_test_3809	18	NEEDS_STRUCTURE_AND_DOCKING	FINAL_INCOMPLETE_NEEDS_DOCKING	MISSING	18
zym_test_21646	QVQLVESGGGSVQAGGSLRLSCTASNYYINYHAIALHYLGWFRQAPGQEREAVAADDYYFDPSASYYADSVKGRFTISRDNAKNTVTLQMNNLKPEDTAIYYCHHSQTYNIGHYYYFQYWGQGTQVTVSS	130	True	PASS		True	H	NYYINYHAIALHY	DDYYFDPSAS	HHSQTYNIGHYYYFQY	13	10	16	0.315789	CPA.7.022	PASS	SAFE			DEFERRED_00000019	1	0.75	borderline	0.6530791910594018	False	False	1	3	3	1	6.181	-2.346	14678.885	-0.5231	49.842	/////	NOT_RUN		50.00		50.00	NOT_RUN	69.00	92.00	60.00	100.00	100.00	62.60	50.00	False	REVIEW_DEVELOPABILITY	developability_warn	68.60	2	0.306122	AVAILABLE	19	COMPUTED_ON_GEOMETRY_POOL	C0005	1	0.776923	zym_test_665332	19	NEEDS_STRUCTURE_AND_DOCKING	FINAL_INCOMPLETE_NEEDS_DOCKING	MISSING	19
zym_test_3361596	QVQLVESGGGSVQAGGSLRLSCTASHCFNNNDRFTDYTLGWFRQAPGQEREAVAANDGLYGNFSYYYADSVKGRFTISRDNAKNTVTLQMNNLKPEDTAIYYCVYACGYGSVSTANVFDWGQGTQVTVSS	130	True	PASS		True	H	HCFNNNDRFTDYT	NDGLYGNFSY	VYACGYGSVSTANVFD	13	10	16	0.307692	Antibody_3	PASS	SAFE			DEFERRED_00000020	1	0.75	borderline	0.678718993848678	True	True	1	3	3	0	5.177	-2.527	14172.334	-0.4	31.505	/////	NOT_RUN		50.00		50.00	NOT_RUN	49.00	80.00	60.00	100.00	100.00	59.00	50.00	False	REVIEW_RISK	score_review	62.80	12	0.285714	AVAILABLE	20	COMPUTED_ON_GEOMETRY_POOL	C0008	1	0.753846	zym_test_3420679	20	NEEDS_STRUCTURE_AND_DOCKING	FINAL_INCOMPLETE_NEEDS_DOCKING	MISSING	20
zym_test_9290	QVQLVESGGGSVQAGGSLRLSCTASPYYHHPSSHYIYYLGWFRQAPGQEREAVAANSFSYFDPNGYYADSVKGRFTISRDNAKNTVTLQMNNLKPEDTAIYYCGNDDDFGSFDYHHHYRWGQGTQVTVSS	130	True	PASS		True	H	PYYHHPSSHYIYY	NSFSYFDPNG	GNDDDFGSFDYHHHYR	13	10	16	0.300000	CPA.7.010	PASS	SAFE			DEFERRED_00000021	1	0.75	borderline	0.6491387065702896	False	False	3	3	3	1	6.025	-3.301	14579.632	-0.6869	49.207	/////	SKIPPED		50.00		50.00	NOT_RUN	32.00	57.00	60.00	100.00	100.00	52.10	50.00	False	REVIEW_DEVELOPABILITY	hydrophobic_run	55.95	22	0.244898	AVAILABLE	21	COMPUTED_ON_GEOMETRY_POOL	C0025	1	0.761538	zym_test_7686	21	NEEDS_STRUCTURE_AND_DOCKING	FINAL_INCOMPLETE_NEEDS_DOCKING	MISSING	21
zym_test_11923	QVQLVESGGGSVQAGGSLRLSCTASFSTDNHTTVYQVYLGWFRQAPGQEREAVAADSSGYGGIDYYYADSVKGRFTISRDNAKNTVTLQMNNLKPEDTAIYYCDPIFYDNSHYQWRSRAWGQGTQVTVSS	130	True	PASS		True	H	FSTDNHTTVYQVY	DSSGYGGIDY	DPIFYDNSHYQWRSRA	13	10	16	0.400000	CPA.7.030	PASS	SAFE			DEFERRED_00000022	1	0.75	borderline	0.6906827881003126	False	True	2	4	3	1	5.548	-2.443	14386.511	-0.5585	44.549	/////	NOT_RUN		50.00		50.00	NOT_RUN	59.00	92.00	60.00	100.00	100.00	62.60	50.00	False	REVIEW_RISK	score_review	66.60	4	0.224490	AVAILABLE	22	COMPUTED_ON_GEOMETRY_POOL	C0002	1	0.761538	zym_test_16483	22	NEEDS_STRUCTURE_AND_DOCKING	FINAL_INCOMPLETE_NEEDS_DOCKING	MISSING	22
zym_test_381993	QVQLVESGGGSVQAGGSLRLSCTASTDNHNYPFHSDNSLGWFRQAPGQEREAVAAYPSLNYYWNLYYADSVKGRFTISRDNAKNTVTLQMNNLKPEDTAIYYCADRDSPNKNNYNDGYNWGQGTQVTVSS	130	True	PASS		True	H	TDNHNYPFHSDNS	YPSLNYYWNL	ADRDSPNKNNYNDGYN	13	10	16	0.312500	ADI-56204	PASS	SAFE			DEFERRED_00000023	1	0.75	borderline	0.6756166307383145	False	False	2	4	4	0	5.548	-2.445	14460.467	-0.8138	42.35	/////	SKIPPED		50.00		50.00	NOT_RUN	35.00	57.00	60.00	100.00	100.00	52.10	50.00	False	REVIEW_DEVELOPABILITY	hydrophobic_run	56.55	20	0.204082	AVAILABLE	23	COMPUTED_ON_GEOMETRY_POOL	C0013	1	0.792308	zym_test_665332	23	NEEDS_STRUCTURE_AND_DOCKING	FINAL_INCOMPLETE_NEEDS_DOCKING	MISSING	23
zym_test_9297	QVQLVESGGGSVQAGGSLRLSCTASHYFSVRAYNTTYNLGWFRQAPGQEREAVAAANVSDVGFNAYYADSVKGRFTISRDNAKNTVTLQMNNLKPEDTAIYYCGTHHYTAHDNPYGGTNWGQGTQVTVSS	130	True	PASS		True	H	HYFSVRAYNTTYN	ANVSDVGFNA	GTHHYTAHDNPYGGTN	13	10	16	0.300000	CPA.7.010	PASS	SAFE			DEFERRED_00000024	1	0.75	borderline	0.6812878193400671	False	True	2	3	2	0	7.076	-0.369	14094.187	-0.52	31.529	/////	SKIPPED		50.00		50.00	NOT_RUN	23.00	65.00	60.00	100.00	100.00	54.50	50.00	False	REVIEW_DEVELOPABILITY	hydrophobic_run	55.35	23	0.142857	AVAILABLE	24	COMPUTED_ON_GEOMETRY_POOL	C0026	1	0.746154	zym_test_7686	24	NEEDS_STRUCTURE_AND_DOCKING	FINAL_INCOMPLETE_NEEDS_DOCKING	MISSING	24
zym_test_3809	QVQLVESGGGSVQAGGSLRLSCTASPNNYHYNRHHSNHLGWFRQAPGQEREAVAAYDQSSFNHYSYYADSVKGRFTISRDNAKNTVTLQMNNLKPEDTAIYYCILYAGQDHNHDYATYDWGQGTQVTVSS	130	True	PASS		True	H	PNNYHYNRHHSNH	YDQSSFNHYS	ILYAGQDHNHDYATYD	13	10	16	0.294118	PVRIG-20	PASS	SAFE			DEFERRED_00000025	1	0.75	borderline	0.64870877899984	False	False	1	3	2	0	6.379	-2.263	14556.562	-0.7854	60.07	/////	SKIPPED		50.00		50.00	NOT_RUN	41.00	50.00	60.00	100.00	100.00	50.00	50.00	False	REVIEW_DEVELOPABILITY	hydrophobic_run	56.70	19	0.122449	AVAILABLE	25	COMPUTED_ON_GEOMETRY_POOL	C0012	1	0.761538	zym_test_665332	25	NEEDS_STRUCTURE_AND_DOCKING	FINAL_INCOMPLETE_NEEDS_DOCKING	MISSING	25
zym_test_5496	QVQLVESGGGSVQAGGSLRLSCTASDYDANPYYDEYAYLGWFRQAPGQEREAVAASGWADVYASYYYADSVKGRFTISRDNAKNTVTLQMNNLKPEDTAIYYCYNDGVAAYVPAYNNYFWGQGTQVTVSS	130	True	PASS		True	H	DYDANPYYDEYAY	SGWADVYASY	YNDGVAAYVPAYNNYF	13	10	16	0.300000	CPA.7.023	PASS	SAFE			DEFERRED_00000026	1	0.75	borderline	0.6560149804538477	False	False	1	4	3	0	4.434	-5.528	14344.417	-0.4669	41.053	/////	SKIPPED		50.00		50.00	NOT_RUN	39.00	22.00	60.00	100.00	100.00	41.60	50.00	False	REVIEW_DEVELOPABILITY	hydrophobic_run	52.10	25	0.081633	AVAILABLE	26	COMPUTED_ON_GEOMETRY_POOL	C0015	1	0.761538	zym_test_6720	26	NEEDS_STRUCTURE_AND_DOCKING	FINAL_INCOMPLETE_NEEDS_DOCKING	MISSING	26
zym_test_7635	QVQLVESGGGSVQAGGSLRLSCTASNQSLDSTTYYHTYLGWFRQAPGQEREAVAASFNQTSSYNDYYADSVKGRFTISRDNAKNTVTLQMNNLKPEDTAIYYCYDHDATFNDNLDNYYHWGQGTQVTVSS	130	True	PASS		True	H	NQSLDSTTYYHTY	SFNQTSSYND	YDHDATFNDNLDNYYH	13	10	16	0.307692	CPA.7.028	PASS	SAFE			DEFERRED_00000027	1	0.75	borderline	0.646377056475343	False	True	1	3	3	0	4.894	-5.408	14495.417	-0.7162	41.516	/////	NOT_RUN		50.00		50.00	NOT_RUN	56.00	77.00	60.00	100.00	100.00	58.10	50.00	False	REVIEW_RISK	score_review	63.75	9	0.061224	AVAILABLE	27	COMPUTED_ON_GEOMETRY_POOL	C0022	1	0.769231	zym_test_9666	27	NEEDS_STRUCTURE_AND_DOCKING	FINAL_INCOMPLETE_NEEDS_DOCKING	MISSING	27
zym_test_7332	QVQLVESGGGSVQAGGSLRLSCTASYTESSSNYHAYHTLGWFRQAPGQEREAVAAYDNTDANYHNYYADSVKGRFTISRDNAKNTVTLQMNNLKPEDTAIYYCDYHLNNDHSDADYRPHWGQGTQVTVSS	130	True	PASS		True	H	YTESSSNYHAYHT	YDNTDANYHN	DYHLNNDHSDADYRPH	13	10	16	0.285714	CPA.7.019	PASS	SAFE			DEFERRED_00000028	1	0.75	borderline	0.6506151050324683	False	False	2	3	2	0	5.554	-5.297	14478.356	-0.8377	42.835	/////	SKIPPED		50.00		50.00	NOT_RUN	39.00	57.00	60.00	100.00	100.00	52.10	50.00	False	REVIEW_DEVELOPABILITY	hydrophobic_run	57.35	18	0.020408	AVAILABLE	28	COMPUTED_ON_GEOMETRY_POOL	C0021	1	0.769231	zym_test_6720	28	NEEDS_STRUCTURE_AND_DOCKING	FINAL_INCOMPLETE_NEEDS_DOCKING	MISSING	28
zym_test_9666	QVQLVESGGGSVQAGGSLRLSCTASYNHYNDYQSTHGTLGWFRQAPGQEREAVAASTHYFSDHHSYYADSVKGRFTISRDNAKNTVTLQMNNLKPEDTAIYYCYVYQAQFNYAHYGYYAWGQGTQVTVSS	130	True	PASS		True	H	YNHYNDYQSTHGT	STHYFSDHHS	YVYQAQFNYAHYGYYA	13	10	16	0.277778	CPA.7.011	PASS	SAFE			DEFERRED_00000029	1	0.75	borderline	0.6463073229704182	False	False	1	3	2	0	6.631	-1.308	14561.615	-0.6462	44.109	/////	NOT_RUN		50.00		50.00	NOT_RUN	74.00	92.00	60.00	100.00	100.00	62.60	50.00	False	REVIEW_DEVELOPABILITY	developability_warn	69.60	1	0.000000	AVAILABLE	29	COMPUTED_ON_GEOMETRY_POOL	C0027	1	0.769231	zym_test_7635	29	NEEDS_STRUCTURE_AND_DOCKING	FINAL_INCOMPLETE_NEEDS_DOCKING	MISSING	29
