task_id	route_id	route_ordinal	generation_seed	implementation_status	target_patch_assignment	patch_conditioned_generation	design_mode	requested_cdr3_length_bin	parent_id	parent_cluster	parent_is_current_v29	parent_sequence	parent_sequence_sha256	parent_cdr1	parent_cdr2	parent_cdr3	parent_cdr3_len	status	generation_batch	existing_frozen_route_count	target_1m_route_total	requested_new_route_quota
P1M__PROFILE_DIVERSIFIED_EXPLORATION_CONTROL__TOPUP__0000004	profile_diversified_exploration_control	4	1510580133	BXCPU_CPU_1M_TOPUP_READY	C_CROSS	false	H3	18_22	PLDNANO_VHH_00067	C0045	false	QLQVVESGGGLVQPGGSLRLSCAASGFTLDHYAIAWFRQAAGKEREGVLCISASGGPTNYADSVKGRFTISRDNAKNTVYLQMNSLKPEDTAVYYCAAVRHNVQAMCADPPDPFSSWGQGTQVTVSS	39527c66f2995aa0092d3c215987b14ea8c657a9770b0789ab485276809447db	GFTLDHYA	ISASGGPT	AAVRHNVQAMCADPPDPFSS	20	PENDING	pvrig_1m_cpu_topup_v1_20260722	60951	100000	39049
P1M__NATURAL_CDR_DONOR__TOPUP__0000003	natural_cdr_donor	3	4200082603	BXCPU_CPU_1M_TOPUP_READY	C_CROSS	false	H1H3	18_22	PLDNANO_VHH_00021	C0020	false	SGGGLVQAGGSLRLACAASGRTLSSYVMGWFRQAPGKEREFVAAISWSGGSTYYADSVKGRFTISRDNAKNTVYLQMNSLKPEDTAVYYCAATLRGSNRYYSGRVYDYWGQGTQVTVSS	a8795d73a31271ed5fb550c58b384ac7a056a448ed9fef2d3b8187a9f956e90d	GRTLSSYV	ISWSGGST	AATLRGSNRYYSGRVYDY	18	PENDING	pvrig_1m_cpu_topup_v1_20260722	129079	200000	70921
P1M__PROFILE_DIVERSIFIED_EXPLORATION_CONTROL__TOPUP__0000001	profile_diversified_exploration_control	1	2214544411	BXCPU_CPU_1M_TOPUP_READY	B_LOWER	false	H3	18_22	PLDNANO_VHH_00020	C0019	false	ESGGRLVQAEDSLRLSCAASGRTFVSYDMGWFRQAPGKEREFVAAINWRGYTTDYVDSVKGRFFISRDIAKSTVYLQMNNLKPEDTAVYYCAARQMSGSSRYSPPGRVGYDFWGQGTQVTVSS	3c7202df9882ed166e111563cd6c967f514964d6f83255d755932ec38e1e50b7	GRTFVSYD	INWRGYTT	AARQMSGSSRYSPPGRVGYDF	21	PENDING	pvrig_1m_cpu_topup_v1_20260722	60951	100000	39049
P1M__CONSERVATIVE_CDR_REDESIGN__TOPUP__0000009	conservative_cdr_redesign	9	2390254517	BXCPU_CPU_1M_TOPUP_READY	C_CROSS	false	H1H3	18_22	PLDNANO_VHH_00076	C0052	true	ELQLVESGGGLVQAGGSLRLSCAASGRTFSSSAVAWFRQAPGKEREFVGAISWRGATTYKADSVKGRFTISKDGAKNTVYLQMNSLKPEDTAVYYCAVDVGNYGSGSEIGHDYGYWGQGTQVTVSS	4faf397ca6a5c358895cb2802c57af4c5bc1d2abe3dc9bfda546ee383972c0f1	GRTFSSSA	ISWRGATT	AVDVGNYGSGSEIGHDYGY	19	PENDING	pvrig_1m_cpu_topup_v1_20260722	204265	400000	195735
P1M__NATURAL_CDR_DONOR__TOPUP__0000001	natural_cdr_donor	1	2692367466	BXCPU_CPU_1M_TOPUP_READY	B_LOWER	false	H1H2H3	16_17	PLDNANO_VHH_00007	C0007	true	QVQLQESGGGLVQAGGSLRLSCAASGSIFLESIMGWYRQAPGKEREFVAGISYGGSTYYADSVKGRFTISRDNAKNTVYLQMNSLKPEDTAVYYCAASLLYSSGYDGRFRYWGQGTQVTVSS	7ff61e49c7042a60dba9df9f03bb6bf0bf2331e251b1da180f60ff89523b0d26	GSIFLESI	ISYGGST	AASLLYSSGYDGRFRY	16	PENDING	pvrig_1m_cpu_topup_v1_20260722	129079	200000	70921
P1M__NATURAL_CDR_DONOR__TOPUP__0000007	natural_cdr_donor	7	2511236579	BXCPU_CPU_1M_TOPUP_READY	B_LOWER	false	H1H2H3	18_22	PLDNANO_VHH_00067	C0045	false	QLQVVESGGGLVQPGGSLRLSCAASGFTLDHYAIAWFRQAAGKEREGVLCISASGGPTNYADSVKGRFTISRDNAKNTVYLQMNSLKPEDTAVYYCAAVRHNVQAMCADPPDPFSSWGQGTQVTVSS	39527c66f2995aa0092d3c215987b14ea8c657a9770b0789ab485276809447db	GFTLDHYA	ISASGGPT	AAVRHNVQAMCADPPDPFSS	20	PENDING	pvrig_1m_cpu_topup_v1_20260722	129079	200000	70921
P1M__PROFILE_DIVERSIFIED_EXPLORATION_CONTROL__TOPUP__0000003	profile_diversified_exploration_control	3	2051217382	BXCPU_CPU_1M_TOPUP_READY	A_CENTER	false	H3	18_22	PLDNANO_VHH_00046	C0032	false	QVQLQQSGGGLVQAGGSLRLSCAASGLAFSSYAITWLRQAPGTEREFVALISGSGSSTYYADSVKGRFTISRNNAKNTVYLQMNSLKPEDTAVYYCTASEFLLHPPPPNQKYDYWGQGTQVTVSS	716d70f4369f1535b07b05b8319e0e25f3dd08f724bbb365ce6a0018aeee3382	GLAFSSYA	ISGSGSST	TASEFLLHPPPPNQKYDY	18	PENDING	pvrig_1m_cpu_topup_v1_20260722	60951	100000	39049
P1M__NATURAL_CDR_DONOR__TOPUP__0000008	natural_cdr_donor	8	797625665	BXCPU_CPU_1M_TOPUP_READY	A_CENTER	false	H1H3	18_22	PLDNANO_VHH_00071	C0048	true	EVQLVESGGGLVQAGDSLRLSCAASGRTFRNYVMAWFRQAPGKEREFVAQISWSGDSTHYIDSVKGRFTISRDNGKNTAYLQMNSLKPEDTAVYYCAADRGDSYYYMRPEEYNYWGQGTQVTVSS	8c514a5280b80a779c22815c4400dd145e37014282640be0b9ca73ba0a653ec2	GRTFRNYV	ISWSGDST	AADRGDSYYYMRPEEYNY	18	PENDING	pvrig_1m_cpu_topup_v1_20260722	129079	200000	70921
P1M__CONSERVATIVE_CDR_REDESIGN__TOPUP__0000005	conservative_cdr_redesign	5	732728628	BXCPU_CPU_1M_TOPUP_READY	B_LOWER	false	H1H2H3	16_17	PLDNANO_VHH_00042	C0030	true	DVQLQASGGGLVQAGGSLRLSCAASGSTISSYAMAWYRQAPGKRRELVAHISSGGSTNYADSVKGRFTISRDNAKNTVYLQMNSLKPEDTAVYYCNIYYGGDYYYTGVKPNPWGQGTQVTVSS	67966d0cc5846651918bb759780fa278599cc8e80cc35141c952f024e1cee1e9	GSTISSYA	ISSGGST	NIYYGGDYYYTGVKPNP	17	PENDING	pvrig_1m_cpu_topup_v1_20260722	204265	400000	195735
P1M__PROFILE_DIVERSIFIED_EXPLORATION_CONTROL__TOPUP__0000002	profile_diversified_exploration_control	2	41292094	BXCPU_CPU_1M_TOPUP_READY	A_CENTER	false	H3	18_22	PLDNANO_VHH_00021	C0020	false	SGGGLVQAGGSLRLACAASGRTLSSYVMGWFRQAPGKEREFVAAISWSGGSTYYADSVKGRFTISRDNAKNTVYLQMNSLKPEDTAVYYCAATLRGSNRYYSGRVYDYWGQGTQVTVSS	a8795d73a31271ed5fb550c58b384ac7a056a448ed9fef2d3b8187a9f956e90d	GRTLSSYV	ISWSGGST	AATLRGSNRYYSGRVYDY	18	PENDING	pvrig_1m_cpu_topup_v1_20260722	60951	100000	39049
P1M__CONSERVATIVE_CDR_REDESIGN__TOPUP__0000012	conservative_cdr_redesign	12	1345055875	BXCPU_CPU_1M_TOPUP_READY	C_CROSS	false	H3	10_15	PLDNANO_VHH_00001	C0001	true	QVQLQESGGGLVQAGGSLRLSCAASGTISYTPDMGWYRQAPGKEREFVAGITVGTSTYYADSVKGRFTISRDNAKNTVYLQMNSLKPEDTAVYYCAASRQWGPGFYYWGQGTQVTVSS	c0c14c38a2b95ff3f43d9715ef1e826c45f0facfae026b8e03d4c408aa98208b	GTISYTPD	ITVGTST	AASRQWGPGFYY	12	PENDING	pvrig_1m_cpu_topup_v1_20260722	204265	400000	195735
P1M__NATURAL_CDR_DONOR__TOPUP__0000009	natural_cdr_donor	9	139383057	BXCPU_CPU_1M_TOPUP_READY	C_CROSS	false	H1H2H3	18_22	PLDNANO_VHH_00074	C0051	false	ELQLVESGGGSVHVGGSLRLSCVAPSFALDPYAVAWFRQAPGEEREGVSCISPSGRTTNYADSVKGRFTISRDNAKDTVYLQMDSLRPEDTAVYFCAGSRPSAHYCSHYPTEYDDWGQGTQVTVSS	4c6e7d522025386f5405b13cf6e75eb8c05c11d9e8fda2d476a12c72e84f4d13	SFALDPYA	ISPSGRTT	AGSRPSAHYCSHYPTEYDD	19	PENDING	pvrig_1m_cpu_topup_v1_20260722	129079	200000	70921
P1M__PROFILE_DIVERSIFIED_EXPLORATION_CONTROL__TOPUP__0000005	profile_diversified_exploration_control	5	3784231773	BXCPU_CPU_1M_TOPUP_READY	C_CROSS	false	H1H2H3	18_22	PLDNANO_VHH_00071	C0048	true	EVQLVESGGGLVQAGDSLRLSCAASGRTFRNYVMAWFRQAPGKEREFVAQISWSGDSTHYIDSVKGRFTISRDNGKNTAYLQMNSLKPEDTAVYYCAADRGDSYYYMRPEEYNYWGQGTQVTVSS	8c514a5280b80a779c22815c4400dd145e37014282640be0b9ca73ba0a653ec2	GRTFRNYV	ISWSGDST	AADRGDSYYYMRPEEYNY	18	PENDING	pvrig_1m_cpu_topup_v1_20260722	60951	100000	39049
P1M__CONSERVATIVE_CDR_REDESIGN__TOPUP__0000001	conservative_cdr_redesign	1	3329307094	BXCPU_CPU_1M_TOPUP_READY	C_CROSS	false	H1H3	16_17	PLDNANO_VHH_00007	C0007	true	QVQLQESGGGLVQAGGSLRLSCAASGSIFLESIMGWYRQAPGKEREFVAGISYGGSTYYADSVKGRFTISRDNAKNTVYLQMNSLKPEDTAVYYCAASLLYSSGYDGRFRYWGQGTQVTVSS	7ff61e49c7042a60dba9df9f03bb6bf0bf2331e251b1da180f60ff89523b0d26	GSIFLESI	ISYGGST	AASLLYSSGYDGRFRY	16	PENDING	pvrig_1m_cpu_topup_v1_20260722	204265	400000	195735
P1M__CONSERVATIVE_CDR_REDESIGN__TOPUP__0000004	conservative_cdr_redesign	4	1775049259	BXCPU_CPU_1M_TOPUP_READY	C_CROSS	false	H1H3	18_22	PLDNANO_VHH_00046	C0032	false	QVQLQQSGGGLVQAGGSLRLSCAASGLAFSSYAITWLRQAPGTEREFVALISGSGSSTYYADSVKGRFTISRNNAKNTVYLQMNSLKPEDTAVYYCTASEFLLHPPPPNQKYDYWGQGTQVTVSS	716d70f4369f1535b07b05b8319e0e25f3dd08f724bbb365ce6a0018aeee3382	GLAFSSYA	ISGSGSST	TASEFLLHPPPPNQKYDY	18	PENDING	pvrig_1m_cpu_topup_v1_20260722	204265	400000	195735
